contract_id,supplier_id,contract_value_million,contract_type,award_date,expected_duration_months,status,delay_days
CTR00000,SUP0056,1.75,R&D,2025-03-30,37,delayed,153
CTR00004,SUP0252,0.13,Production,2024-05-14,46,delayed,99
CTR00005,SUP0374,0.5,Sustainment,2021-12-28,57,delayed,99
CTR00012,SUP0116,3.08,R&D,2022-07-17,12,delayed,149
CTR00013,SUP0395,4.53,Production,2021-05-03,11,delayed,31
CTR00016,SUP0456,0.97,Tech Services,2025-01-19,23,delayed,62
CTR00020,SUP0467,0.81,Sustainment,2023-08-27,30,delayed,156
CTR00023,SUP0398,0.17,Production,2021-10-18,8,delayed,205
CTR00024,SUP0324,1.1,Sustainment,2023-03-30,23,delayed,206
CTR00025,SUP0344,0.08,R&D,2024-03-20,29,delayed,111
CTR00027,SUP0479,2.26,Production,2020-11-21,43,delayed,89
CTR00028,SUP0362,6.23,Production,2020-07-28,15,delayed,219
CTR00030,SUP0142,5.93,Production,2025-05-09,17,delayed,207
CTR00031,SUP0182,12.04,Tech Services,2021-02-10,12,delayed,176
CTR00036,SUP0462,1.91,Tech Services,2024-11-14,20,delayed,151
CTR00037,SUP0425,5.37,Sustainment,2023-05-01,56,delayed,91
CTR00038,SUP0451,3.57,R&D,2021-03-22,38,delayed,142
CTR00039,SUP0490,5.72,Sustainment,2020-11-20,42,delayed,51
CTR00040,SUP0232,8.17,Tech Services,2025-04-12,52,delayed,44
CTR00041,SUP0492,3.36,R&D,2023-04-22,36,delayed,183
CTR00043,SUP0330,3.28,R&D,2020-06-02,6,delayed,187
CTR00044,SUP0099,3.54,Tech Services,2024-09-15,13,delayed,61
CTR00045,SUP0107,2.83,Tech Services,2025-02-14,17,delayed,149
CTR00047,SUP0130,4.54,Sustainment,2024-03-11,24,delayed,156
CTR00050,SUP0089,8.45,R&D,2024-09-26,17,delayed,62
CTR00057,SUP0206,5.13,R&D,2023-11-07,9,delayed,148
CTR00058,SUP0247,0.24,Sustainment,2022-11-04,10,delayed,48
CTR00061,SUP0281,1.49,Sustainment,2021-05-27,33,delayed,222
CTR00069,SUP0218,4.19,Sustainment,2024-12-05,42,delayed,115
CTR00070,SUP0130,0.69,Sustainment,2020-08-28,46,delayed,60
CTR00072,SUP0100,1.86,Tech Services,2022-07-24,12,delayed,201
CTR00073,SUP0128,7.26,R&D,2025-02-10,54,delayed,84
CTR00078,SUP0443,6.04,Sustainment,2021-10-08,39,delayed,150
CTR00084,SUP0328,1.54,R&D,2020-10-08,28,delayed,38
CTR00088,SUP0410,1.36,Production,2024-11-04,20,delayed,81
CTR00089,SUP0057,0.34,Production,2022-01-05,15,delayed,18
CTR00091,SUP0334,4.07,Sustainment,2021-01-17,47,delayed,238
CTR00093,SUP0218,0.6,R&D,2020-12-31,28,delayed,15
CTR00094,SUP0374,1.66,Sustainment,2022-12-17,22,delayed,48
CTR00109,SUP0009,4.07,Sustainment,2021-10-14,59,delayed,123
CTR00111,SUP0032,4.85,Sustainment,2020-12-24,18,delayed,23
CTR00115,SUP0247,1.77,Production,2024-05-07,11,delayed,77
CTR00120,SUP0373,6.43,Production,2023-11-29,8,delayed,218
CTR00127,SUP0299,3.66,R&D,2020-06-28,17,delayed,24
CTR00139,SUP0473,2.41,Production,2020-10-19,31,delayed,152
CTR00145,SUP0007,2.34,R&D,2024-02-29,48,delayed,192
CTR00151,SUP0126,0.19,R&D,2023-11-05,24,delayed,58
CTR00152,SUP0301,0.06,R&D,2024-08-03,7,delayed,132
CTR00158,SUP0456,0.02,Production,2023-11-23,30,delayed,190
CTR00160,SUP0464,2.36,R&D,2022-07-10,23,delayed,229
CTR00166,SUP0065,6.38,Tech Services,2022-02-18,46,delayed,20
CTR00169,SUP0275,4.34,Tech Services,2021-04-24,37,delayed,230
CTR00175,SUP0365,0.32,Sustainment,2021-04-12,39,delayed,135
CTR00180,SUP0316,1.61,Sustainment,2022-08-17,10,delayed,166
CTR00184,SUP0061,0.79,Production,2021-05-28,10,delayed,227
CTR00186,SUP0017,0.32,Production,2020-05-17,14,delayed,109
CTR00189,SUP0108,0.43,Sustainment,2023-03-26,32,delayed,125
CTR00190,SUP0127,2.24,Tech Services,2023-05-12,15,delayed,200
CTR00192,SUP0139,5.53,R&D,2023-02-01,47,delayed,119
CTR00194,SUP0118,6.66,Sustainment,2021-10-01,56,delayed,78
CTR00199,SUP0276,0.8,Sustainment,2021-02-26,11,delayed,236
CTR00204,SUP0487,5.32,Tech Services,2021-03-20,9,delayed,198
CTR00206,SUP0163,4.86,Tech Services,2020-10-01,53,delayed,224
CTR00208,SUP0017,6.1,Production,2024-07-13,56,delayed,154
CTR00212,SUP0169,8.35,R&D,2021-03-14,39,delayed,177
CTR00218,SUP0173,8.05,Production,2025-02-28,58,delayed,85
CTR00219,SUP0252,3.42,R&D,2022-07-19,24,delayed,118
CTR00220,SUP0231,2.72,Production,2022-06-24,39,delayed,103
CTR00221,SUP0439,2.02,Tech Services,2024-02-28,30,delayed,20
CTR00228,SUP0015,2.74,Sustainment,2024-07-15,44,delayed,207
CTR00229,SUP0421,1.98,Sustainment,2022-05-21,59,delayed,124
CTR00236,SUP0245,4.73,Tech Services,2022-03-24,33,delayed,222
CTR00238,SUP0415,21.25,Sustainment,2023-12-05,31,delayed,202
CTR00240,SUP0212,4.3,R&D,2021-08-22,24,delayed,126
CTR00241,SUP0280,5.28,R&D,2020-09-20,11,delayed,210
CTR00243,SUP0204,0.8,R&D,2022-11-11,13,delayed,171
CTR00244,SUP0412,4.38,R&D,2024-08-11,38,delayed,180
CTR00245,SUP0081,2.38,Sustainment,2020-06-03,56,delayed,234
CTR00252,SUP0191,2.44,R&D,2024-12-02,24,delayed,164
CTR00256,SUP0325,5.17,Tech Services,2022-12-10,17,delayed,141
CTR00273,SUP0488,4.53,R&D,2025-01-22,18,delayed,150
CTR00275,SUP0376,0.38,Production,2023-05-04,37,delayed,77
CTR00278,SUP0483,0.08,R&D,2021-03-12,16,delayed,238
CTR00280,SUP0049,5.16,R&D,2021-05-08,11,delayed,239
CTR00294,SUP0206,0.9,Production,2020-10-05,44,delayed,155
CTR00295,SUP0193,3.28,R&D,2021-07-23,15,delayed,169
CTR00300,SUP0041,3.24,Tech Services,2024-11-25,34,delayed,160
CTR00305,SUP0414,2.19,R&D,2021-09-09,31,delayed,32
CTR00310,SUP0198,8.54,R&D,2023-09-02,26,delayed,91
CTR00313,SUP0315,0.63,Production,2022-11-03,39,delayed,228
CTR00320,SUP0196,2.53,R&D,2020-09-26,40,delayed,204
CTR00326,SUP0402,0.71,Production,2023-09-05,57,delayed,156
CTR00328,SUP0148,1.3,Tech Services,2024-04-16,29,delayed,153
CTR00329,SUP0022,1.77,Tech Services,2020-08-22,26,delayed,117
CTR00334,SUP0077,3.43,Sustainment,2022-11-23,58,delayed,131
CTR00336,SUP0304,6.34,Sustainment,2022-10-19,9,delayed,228
CTR00338,SUP0375,1.22,Sustainment,2020-12-22,23,delayed,31
CTR00341,SUP0156,2.68,R&D,2021-12-27,55,delayed,193
CTR00343,SUP0319,2.41,Sustainment,2024-11-26,29,delayed,238
CTR00344,SUP0143,5.07,R&D,2025-02-19,7,delayed,28
CTR00352,SUP0218,5.65,R&D,2024-08-07,42,delayed,71
CTR00353,SUP0360,13.51,Production,2024-07-29,8,delayed,107
CTR00356,SUP0441,1.83,Production,2023-10-13,28,delayed,148
CTR00363,SUP0022,2.95,Sustainment,2023-10-20,31,delayed,128
CTR00366,SUP0465,4.47,Tech Services,2021-03-24,22,delayed,199
CTR00368,SUP0018,15.7,R&D,2020-12-18,12,delayed,146
CTR00371,SUP0393,11.51,R&D,2022-03-16,36,delayed,153
CTR00374,SUP0331,1.83,Production,2021-06-14,36,delayed,123
CTR00375,SUP0036,1.37,R&D,2024-09-21,49,delayed,216
CTR00383,SUP0088,4.26,Tech Services,2021-03-24,46,delayed,133
CTR00384,SUP0075,8.45,Tech Services,2025-03-31,12,delayed,106
CTR00389,SUP0090,0.12,Tech Services,2020-07-22,12,delayed,25
CTR00391,SUP0055,1.48,Tech Services,2021-07-12,15,delayed,113
CTR00392,SUP0033,5.2,Production,2021-04-26,34,delayed,221
CTR00396,SUP0473,12.85,Sustainment,2021-07-26,15,delayed,22
CTR00402,SUP0500,0.7,R&D,2021-08-25,38,delayed,226
CTR00403,SUP0063,2.32,Tech Services,2023-07-31,39,delayed,128
CTR00408,SUP0043,0.86,R&D,2024-01-22,21,delayed,201
CTR00414,SUP0298,4.02,Tech Services,2023-12-08,16,delayed,163
CTR00422,SUP0045,4.46,Production,2021-07-03,55,delayed,79
CTR00425,SUP0211,1.07,R&D,2022-01-27,29,delayed,107
CTR00429,SUP0057,3.51,Sustainment,2022-07-14,40,delayed,166
CTR00441,SUP0329,0.25,R&D,2024-09-02,10,delayed,172
CTR00443,SUP0065,2.01,Production,2020-10-28,6,delayed,118
CTR00447,SUP0005,10.44,Tech Services,2021-09-30,56,delayed,113
CTR00456,SUP0100,6.56,Production,2024-11-25,31,delayed,239
CTR00459,SUP0182,3.42,Tech Services,2024-09-16,8,delayed,98
CTR00461,SUP0479,1.48,Sustainment,2023-03-16,8,delayed,199
CTR00469,SUP0329,0.01,Tech Services,2021-12-02,29,delayed,222
CTR00470,SUP0350,12.01,R&D,2024-10-03,13,delayed,87
CTR00476,SUP0108,5.46,R&D,2023-08-05,24,delayed,237
CTR00480,SUP0230,11.11,Tech Services,2021-09-01,49,delayed,159
CTR00485,SUP0350,3.55,R&D,2025-01-28,52,delayed,73
CTR00488,SUP0128,3.64,R&D,2020-05-15,19,delayed,45
CTR00489,SUP0393,4.14,R&D,2021-05-01,58,delayed,78
CTR00492,SUP0325,0.16,Production,2022-01-26,55,delayed,62
CTR00495,SUP0293,2.84,R&D,2020-07-21,29,delayed,37
CTR00497,SUP0363,1.31,R&D,2024-06-02,22,delayed,212
CTR00499,SUP0487,4.6,Production,2022-09-10,26,delayed,172
CTR00500,SUP0093,0.75,R&D,2022-12-10,31,delayed,69
CTR00501,SUP0377,0.43,Sustainment,2021-09-04,48,delayed,21
CTR00503,SUP0430,5.55,Tech Services,2021-04-19,49,delayed,126
CTR00505,SUP0188,0.2,R&D,2024-12-06,32,delayed,120
CTR00509,SUP0365,3.68,Production,2024-10-29,38,delayed,217
CTR00511,SUP0237,2.88,R&D,2022-12-02,53,delayed,112
CTR00517,SUP0199,2.97,Production,2020-06-29,39,delayed,26
CTR00519,SUP0283,2.71,Sustainment,2021-11-25,58,delayed,74
CTR00523,SUP0120,1.95,Tech Services,2023-12-28,57,delayed,66
CTR00526,SUP0492,2.17,Production,2020-11-17,22,delayed,169
CTR00532,SUP0413,0.25,Tech Services,2023-02-28,58,delayed,154
CTR00533,SUP0481,0.03,R&D,2021-06-03,34,delayed,155
CTR00538,SUP0457,3.04,Sustainment,2022-07-02,21,delayed,86
CTR00539,SUP0468,1.11,Production,2022-02-11,57,delayed,222
CTR00540,SUP0350,1.78,R&D,2022-05-08,21,delayed,204
CTR00546,SUP0342,2.2,Production,2023-05-30,33,delayed,139
CTR00551,SUP0404,1.14,Sustainment,2025-01-25,19,delayed,171
CTR00554,SUP0444,0.41,Production,2025-04-08,56,delayed,177
CTR00556,SUP0378,0.47,R&D,2023-12-03,34,delayed,74
CTR00557,SUP0001,10.97,Production,2025-01-30,57,delayed,171
CTR00559,SUP0440,1.05,Production,2021-12-26,35,delayed,45
CTR00561,SUP0012,14.13,Tech Services,2023-05-22,23,delayed,91
CTR00563,SUP0055,3.21,Sustainment,2024-04-02,55,delayed,90
CTR00570,SUP0247,0.92,Production,2022-11-09,40,delayed,75
CTR00571,SUP0245,6.22,Production,2024-11-22,44,delayed,16
CTR00576,SUP0128,11.04,Sustainment,2022-02-07,50,delayed,175
CTR00578,SUP0184,5.65,Sustainment,2024-11-03,56,delayed,214
CTR00579,SUP0355,3.48,Tech Services,2020-05-28,28,delayed,204
CTR00580,SUP0062,0.85,Sustainment,2025-01-24,17,delayed,135
CTR00583,SUP0361,2.61,R&D,2020-12-16,36,delayed,73
CTR00584,SUP0377,1.05,Production,2020-12-16,33,delayed,54
CTR00585,SUP0138,2.53,R&D,2021-09-18,27,delayed,191
CTR00587,SUP0365,19.63,R&D,2023-02-02,33,delayed,46
CTR00588,SUP0387,7.97,Tech Services,2022-11-03,18,delayed,52
CTR00593,SUP0401,7.89,Production,2023-06-22,12,delayed,106
CTR00603,SUP0217,9.39,Tech Services,2023-01-07,41,delayed,221
CTR00607,SUP0471,0.02,R&D,2021-04-03,29,delayed,229
CTR00610,SUP0401,2.66,Production,2021-02-22,58,delayed,102
CTR00617,SUP0023,2.54,R&D,2020-11-29,34,delayed,155
CTR00619,SUP0266,2.96,Production,2022-07-04,11,delayed,99
CTR00622,SUP0205,7.0,Tech Services,2023-05-08,58,delayed,196
CTR00626,SUP0359,0.98,Tech Services,2025-03-31,43,delayed,90
CTR00638,SUP0279,7.39,Production,2023-02-08,48,delayed,142
CTR00647,SUP0010,0.75,Sustainment,2022-08-09,31,delayed,27
CTR00650,SUP0103,2.87,Sustainment,2023-01-10,41,delayed,53
CTR00653,SUP0313,0.03,Tech Services,2021-07-11,10,delayed,37
CTR00658,SUP0390,1.98,Sustainment,2025-01-16,18,delayed,124
CTR00662,SUP0057,4.9,Tech Services,2022-04-21,13,delayed,121
CTR00665,SUP0076,5.16,R&D,2024-08-09,37,delayed,106
CTR00666,SUP0029,10.3,Sustainment,2021-12-21,29,delayed,156
CTR00668,SUP0122,5.16,Tech Services,2021-11-05,19,delayed,159
CTR00674,SUP0153,16.17,Tech Services,2023-11-23,52,delayed,38
CTR00682,SUP0075,1.63,R&D,2024-12-14,47,delayed,200
CTR00683,SUP0391,5.98,Sustainment,2021-09-10,49,delayed,205
CTR00684,SUP0465,1.02,Tech Services,2021-12-06,51,delayed,48
CTR00685,SUP0213,0.0,R&D,2020-05-18,38,delayed,193
CTR00691,SUP0471,2.62,Sustainment,2022-01-23,6,delayed,126
CTR00705,SUP0462,5.0,Production,2020-11-22,21,delayed,228
CTR00707,SUP0339,1.31,Production,2025-02-13,34,delayed,152
CTR00708,SUP0246,1.35,Sustainment,2021-04-06,28,delayed,132
CTR00709,SUP0212,4.51,R&D,2020-06-22,50,delayed,214
CTR00718,SUP0137,0.8,R&D,2021-03-23,44,delayed,163
CTR00720,SUP0293,0.58,Production,2022-05-13,52,delayed,179
CTR00722,SUP0255,2.65,R&D,2023-06-26,56,delayed,21
CTR00723,SUP0057,0.06,Sustainment,2024-11-06,11,delayed,104
CTR00736,SUP0193,0.61,Production,2022-08-21,38,delayed,27
CTR00737,SUP0459,3.69,Tech Services,2022-08-03,58,delayed,94
CTR00738,SUP0335,1.38,Production,2025-03-08,44,delayed,44
CTR00742,SUP0370,0.57,Tech Services,2022-07-27,50,delayed,173
CTR00743,SUP0215,2.19,Production,2024-01-24,18,delayed,147
CTR00744,SUP0213,3.99,R&D,2024-12-23,14,delayed,174
CTR00745,SUP0281,1.76,Sustainment,2021-09-06,29,delayed,30
CTR00746,SUP0004,12.87,Production,2021-06-28,20,delayed,215
CTR00747,SUP0282,4.48,R&D,2023-12-09,41,delayed,164
CTR00751,SUP0403,8.34,Production,2023-01-03,42,delayed,206
CTR00755,SUP0493,0.38,Sustainment,2022-01-31,46,delayed,186
CTR00756,SUP0110,2.96,Tech Services,2023-04-15,19,delayed,54
CTR00758,SUP0236,2.3,Production,2021-03-05,41,delayed,51
CTR00759,SUP0185,0.83,Production,2024-01-24,57,delayed,92
CTR00760,SUP0416,1.49,Sustainment,2025-04-26,45,delayed,30
CTR00761,SUP0358,5.23,Sustainment,2020-09-19,22,delayed,57
CTR00784,SUP0337,10.3,Sustainment,2024-05-25,59,delayed,226
CTR00792,SUP0015,5.36,Sustainment,2020-08-05,22,delayed,77
CTR00797,SUP0136,4.52,Sustainment,2024-07-23,12,delayed,29
CTR00807,SUP0051,0.16,Production,2023-04-27,20,delayed,186
CTR00808,SUP0317,0.62,Tech Services,2024-07-04,10,delayed,232
CTR00809,SUP0324,0.07,R&D,2023-02-17,18,delayed,151
CTR00811,SUP0064,1.41,Sustainment,2024-05-09,17,delayed,79
CTR00815,SUP0330,1.81,Production,2022-11-28,12,delayed,58
CTR00820,SUP0425,0.67,R&D,2021-04-09,14,delayed,34
CTR00822,SUP0141,1.88,Tech Services,2024-06-17,9,delayed,133
CTR00823,SUP0309,6.55,Tech Services,2024-01-23,26,delayed,212
CTR00825,SUP0474,4.65,Sustainment,2023-01-03,26,delayed,216
CTR00826,SUP0208,5.11,Production,2022-12-23,45,delayed,126
CTR00832,SUP0346,1.76,R&D,2023-10-18,54,delayed,137
CTR00838,SUP0121,1.17,Sustainment,2024-09-04,33,delayed,175
CTR00840,SUP0448,1.69,R&D,2024-05-20,9,delayed,94
CTR00844,SUP0259,5.24,R&D,2025-01-13,17,delayed,114
CTR00847,SUP0432,3.5,Tech Services,2021-01-12,25,delayed,20
CTR00862,SUP0150,6.83,Tech Services,2022-07-17,17,delayed,97
CTR00863,SUP0075,0.03,R&D,2021-01-18,34,delayed,45
CTR00865,SUP0234,3.2,R&D,2020-08-27,53,delayed,80
CTR00866,SUP0487,1.77,R&D,2024-01-07,20,delayed,32
CTR00870,SUP0013,2.04,Production,2024-10-10,54,delayed,42
CTR00871,SUP0170,1.41,R&D,2021-05-01,26,delayed,82
CTR00876,SUP0328,3.1,R&D,2025-04-15,21,delayed,207
CTR00881,SUP0113,3.26,Production,2020-08-24,28,delayed,128
CTR00886,SUP0446,2.07,Tech Services,2023-02-06,14,delayed,222
CTR00895,SUP0330,3.58,Tech Services,2023-01-25,10,delayed,187
CTR00903,SUP0299,2.29,Production,2021-03-13,35,delayed,72
CTR00904,SUP0421,4.05,R&D,2021-11-25,9,delayed,189
CTR00911,SUP0077,1.47,R&D,2023-11-11,48,delayed,208
CTR00913,SUP0328,0.47,Tech Services,2024-05-19,23,delayed,194
CTR00916,SUP0019,9.84,Sustainment,2024-10-09,14,delayed,178
CTR00917,SUP0383,4.62,Production,2020-12-03,25,delayed,143
CTR00922,SUP0441,0.94,Tech Services,2022-09-18,8,delayed,53
CTR00924,SUP0432,1.03,Sustainment,2024-04-23,41,delayed,229
CTR00927,SUP0146,1.64,Production,2020-06-28,22,delayed,232
CTR00928,SUP0479,0.06,Tech Services,2023-03-26,28,delayed,217
CTR00934,SUP0288,5.56,R&D,2023-11-14,52,delayed,120
CTR00935,SUP0162,8.78,R&D,2022-02-15,8,delayed,15
CTR00949,SUP0045,1.19,Production,2020-09-27,22,delayed,89
CTR00952,SUP0288,5.07,Production,2022-08-11,8,delayed,102
CTR00960,SUP0153,1.23,R&D,2022-04-06,15,delayed,216
CTR00963,SUP0293,3.48,Tech Services,2024-04-19,30,delayed,156
CTR00965,SUP0256,2.9,R&D,2023-04-06,20,delayed,220
CTR00970,SUP0437,2.06,Production,2021-04-06,52,delayed,213
CTR00973,SUP0125,0.65,Production,2023-04-09,58,delayed,165
CTR00977,SUP0131,2.74,Sustainment,2021-05-06,19,delayed,185
CTR00985,SUP0275,0.99,Tech Services,2021-09-16,51,delayed,164
CTR00991,SUP0020,2.58,Production,2022-05-12,56,delayed,74
CTR00994,SUP0398,7.95,Tech Services,2024-04-20,39,delayed,169
CTR00997,SUP0182,3.72,Tech Services,2020-07-22,30,delayed,198
CTR00999,SUP0394,0.77,R&D,2021-11-07,44,delayed,144
CTR01001,SUP0038,0.76,Sustainment,2024-04-28,24,delayed,181
CTR01004,SUP0094,2.59,Tech Services,2024-09-30,47,delayed,193
CTR01013,SUP0077,6.06,Production,2024-12-04,8,delayed,124
CTR01018,SUP0385,0.71,Tech Services,2021-09-25,16,delayed,33
CTR01024,SUP0177,0.32,R&D,2020-09-10,42,delayed,76
CTR01033,SUP0112,5.53,R&D,2021-11-13,6,delayed,85
CTR01036,SUP0465,1.57,Tech Services,2021-06-03,16,delayed,218
CTR01038,SUP0033,5.14,R&D,2022-06-21,56,delayed,209
CTR01048,SUP0295,1.93,R&D,2024-12-15,21,delayed,205
CTR01049,SUP0374,0.58,Production,2022-08-09,15,delayed,125
CTR01050,SUP0178,0.94,Sustainment,2020-10-22,50,delayed,147
CTR01051,SUP0160,7.12,R&D,2020-09-26,7,delayed,86
CTR01052,SUP0148,2.24,R&D,2022-07-03,40,delayed,92
CTR01056,SUP0126,0.92,Sustainment,2022-09-22,58,delayed,203
CTR01057,SUP0265,0.81,R&D,2024-06-15,57,delayed,114
CTR01062,SUP0397,0.54,R&D,2024-09-04,8,delayed,85
CTR01063,SUP0309,1.12,Tech Services,2023-11-26,43,delayed,21
CTR01064,SUP0191,3.18,Production,2023-09-24,34,delayed,64
CTR01067,SUP0433,2.07,Sustainment,2023-03-27,28,delayed,60
CTR01072,SUP0436,3.24,Production,2024-03-05,31,delayed,238
CTR01076,SUP0097,1.08,Tech Services,2022-02-21,7,delayed,86
CTR01084,SUP0046,6.24,Sustainment,2023-09-13,22,delayed,90
CTR01087,SUP0244,3.58,Sustainment,2022-06-27,42,delayed,88
CTR01100,SUP0002,3.04,Tech Services,2024-07-27,24,delayed,156
CTR01106,SUP0039,1.84,R&D,2022-07-04,39,delayed,87
CTR01110,SUP0162,1.25,Sustainment,2024-03-20,45,delayed,116
CTR01114,SUP0374,0.45,Production,2023-11-20,33,delayed,108
CTR01117,SUP0426,4.68,R&D,2021-01-04,22,delayed,83
CTR01125,SUP0343,3.28,R&D,2022-10-17,40,delayed,79
CTR01130,SUP0259,0.9,R&D,2021-10-17,27,delayed,207
CTR01132,SUP0116,1.68,R&D,2024-04-27,38,delayed,199
CTR01133,SUP0078,1.49,Tech Services,2021-04-24,27,delayed,76
CTR01139,SUP0216,7.23,Production,2020-10-15,27,delayed,34
CTR01141,SUP0320,5.4,R&D,2021-01-24,48,delayed,217
CTR01144,SUP0476,1.74,R&D,2020-08-05,39,delayed,168
CTR01149,SUP0359,3.93,Sustainment,2022-11-20,40,delayed,58
CTR01153,SUP0115,0.83,Production,2024-05-20,44,delayed,209
CTR01156,SUP0254,0.08,Sustainment,2024-11-10,33,delayed,212
CTR01160,SUP0296,2.98,Sustainment,2025-04-24,41,delayed,76
CTR01163,SUP0400,2.28,Sustainment,2024-12-02,26,delayed,121
CTR01166,SUP0141,0.52,Tech Services,2024-10-11,49,delayed,139
CTR01167,SUP0017,8.0,R&D,2023-11-21,38,delayed,59
CTR01168,SUP0063,6.19,Production,2024-03-29,35,delayed,25
CTR01172,SUP0054,3.84,Production,2021-05-31,56,delayed,214
CTR01173,SUP0387,0.45,Tech Services,2024-03-27,54,delayed,235
CTR01176,SUP0211,0.93,Sustainment,2024-12-20,29,delayed,216
CTR01177,SUP0002,0.29,Production,2023-03-28,16,delayed,176
CTR01179,SUP0323,0.46,R&D,2023-05-31,32,delayed,102
CTR01181,SUP0091,9.65,Tech Services,2020-10-18,15,delayed,60
CTR01190,SUP0244,2.91,Sustainment,2022-08-22,48,delayed,126
CTR01195,SUP0328,3.38,Production,2024-11-29,33,delayed,95
CTR01196,SUP0015,1.24,Production,2024-07-17,40,delayed,46
CTR01197,SUP0231,1.97,Sustainment,2020-05-12,28,delayed,217
CTR01199,SUP0163,0.27,R&D,2021-05-19,20,delayed,112
CTR01201,SUP0443,1.08,Sustainment,2021-07-08,56,delayed,230
CTR01202,SUP0379,0.69,Sustainment,2024-05-23,17,delayed,19
CTR01205,SUP0202,3.51,Sustainment,2022-12-05,8,delayed,205
CTR01208,SUP0461,0.87,Sustainment,2021-09-14,52,delayed,43
CTR01216,SUP0288,1.53,Sustainment,2021-07-16,33,delayed,62
CTR01222,SUP0193,1.0,Sustainment,2020-10-24,43,delayed,30
CTR01227,SUP0179,4.0,Sustainment,2022-07-21,52,delayed,167
CTR01229,SUP0063,3.38,Tech Services,2020-08-31,26,delayed,86
CTR01232,SUP0136,3.47,Production,2025-02-15,36,delayed,43
CTR01235,SUP0485,0.15,Production,2021-09-22,48,delayed,194
CTR01236,SUP0297,1.62,Sustainment,2022-08-16,27,delayed,60
CTR01238,SUP0297,3.64,Tech Services,2022-10-24,6,delayed,167
CTR01241,SUP0124,0.57,Sustainment,2020-05-27,26,delayed,37
CTR01244,SUP0036,0.98,Sustainment,2023-05-15,22,delayed,176
CTR01246,SUP0398,5.83,Production,2025-03-25,26,delayed,209
CTR01247,SUP0329,3.33,Sustainment,2025-05-06,36,delayed,108
CTR01250,SUP0458,10.95,Production,2023-03-27,27,delayed,128
CTR01259,SUP0128,1.02,Tech Services,2023-12-25,45,delayed,48
CTR01262,SUP0319,2.39,Sustainment,2025-02-07,47,delayed,174
CTR01266,SUP0098,7.71,Sustainment,2023-05-27,31,delayed,131
CTR01269,SUP0230,0.39,R&D,2020-10-05,34,delayed,43
CTR01270,SUP0500,15.56,Production,2024-04-09,24,delayed,23
CTR01273,SUP0020,0.14,Sustainment,2022-11-07,28,delayed,208
CTR01277,SUP0015,0.39,Tech Services,2021-10-13,36,delayed,199
CTR01279,SUP0260,2.49,Tech Services,2021-03-21,40,delayed,53
CTR01283,SUP0485,12.36,R&D,2024-10-20,22,delayed,149
CTR01295,SUP0411,5.34,Production,2022-01-11,34,delayed,124
CTR01297,SUP0416,13.05,R&D,2022-06-25,24,delayed,83
CTR01316,SUP0059,0.41,Sustainment,2022-02-24,50,delayed,150
CTR01317,SUP0016,3.19,Sustainment,2022-08-01,12,delayed,110
CTR01321,SUP0447,1.72,Sustainment,2024-01-19,19,delayed,133
CTR01322,SUP0492,0.63,Production,2021-06-13,19,delayed,132
CTR01323,SUP0236,1.12,Tech Services,2025-04-22,49,delayed,32
CTR01329,SUP0067,3.9,Production,2021-05-13,52,delayed,116
CTR01332,SUP0113,1.05,Tech Services,2024-06-04,37,delayed,124
CTR01335,SUP0102,0.87,Production,2020-10-08,44,delayed,96
CTR01343,SUP0021,1.1,Sustainment,2025-02-13,28,delayed,191
CTR01346,SUP0269,0.4,Production,2024-03-29,15,delayed,119
CTR01349,SUP0034,11.75,R&D,2021-11-13,37,delayed,30
CTR01352,SUP0148,1.47,Tech Services,2023-05-11,29,delayed,35
CTR01355,SUP0124,4.76,Tech Services,2022-06-22,56,delayed,152
CTR01363,SUP0445,0.61,Production,2024-07-28,58,delayed,120
CTR01367,SUP0349,7.46,R&D,2025-01-09,54,delayed,146
CTR01368,SUP0365,1.14,Production,2020-12-24,46,delayed,58
CTR01374,SUP0285,5.91,Tech Services,2024-12-08,30,delayed,137
CTR01383,SUP0011,0.04,Sustainment,2023-07-12,26,delayed,150
CTR01384,SUP0303,4.85,Tech Services,2024-11-08,15,delayed,125
CTR01386,SUP0312,3.97,R&D,2020-07-18,54,delayed,131
CTR01394,SUP0269,5.31,Production,2020-06-29,51,delayed,140
CTR01400,SUP0253,0.1,Tech Services,2020-08-01,46,delayed,197
CTR01407,SUP0214,4.5,Production,2025-04-08,51,delayed,33
CTR01420,SUP0496,4.8,R&D,2025-04-29,52,delayed,78
CTR01421,SUP0231,14.05,Sustainment,2022-09-12,55,delayed,54
CTR01423,SUP0007,6.1,Sustainment,2024-11-02,44,delayed,65
CTR01424,SUP0114,2.57,Sustainment,2022-08-16,16,delayed,151
CTR01426,SUP0396,0.46,Production,2022-11-13,52,delayed,172
CTR01427,SUP0225,4.65,Tech Services,2023-05-19,47,delayed,70
CTR01428,SUP0214,0.94,Sustainment,2021-08-25,52,delayed,95
CTR01432,SUP0377,5.09,Tech Services,2021-02-26,19,delayed,186
CTR01434,SUP0001,1.25,Sustainment,2020-06-02,50,delayed,201
CTR01437,SUP0190,2.4,R&D,2024-03-26,38,delayed,157
CTR01438,SUP0097,0.69,Sustainment,2023-08-26,38,delayed,210
CTR01439,SUP0379,4.05,Production,2021-06-23,20,delayed,84
CTR01447,SUP0183,0.63,Production,2023-04-19,9,delayed,142
CTR01452,SUP0028,9.29,R&D,2025-05-11,36,delayed,140
CTR01458,SUP0365,2.17,Sustainment,2022-04-18,46,delayed,75
CTR01463,SUP0269,3.49,Tech Services,2020-06-08,26,delayed,94
CTR01475,SUP0194,0.05,R&D,2024-11-19,13,delayed,232
CTR01481,SUP0181,5.41,Sustainment,2020-11-18,7,delayed,135
CTR01484,SUP0155,1.96,Production,2021-11-01,11,delayed,115
CTR01485,SUP0134,6.52,Sustainment,2021-12-09,47,delayed,165
CTR01486,SUP0410,1.09,Tech Services,2021-12-19,45,delayed,91
CTR01490,SUP0258,3.38,Production,2021-04-25,37,delayed,189
CTR01492,SUP0208,1.49,Sustainment,2021-02-22,54,delayed,159
CTR01494,SUP0131,5.17,Tech Services,2021-03-03,24,delayed,199
CTR01500,SUP0139,7.48,Sustainment,2021-08-05,30,delayed,140
CTR01510,SUP0121,1.45,Production,2023-12-25,48,delayed,196
CTR01511,SUP0383,1.29,Tech Services,2021-02-12,17,delayed,233
CTR01513,SUP0099,11.98,Sustainment,2024-10-15,41,delayed,194
CTR01517,SUP0094,1.89,Tech Services,2023-11-26,43,delayed,36
CTR01524,SUP0354,2.74,Tech Services,2022-08-27,38,delayed,97
CTR01526,SUP0279,2.79,Production,2022-04-18,49,delayed,181
CTR01528,SUP0316,0.9,Tech Services,2023-03-27,41,delayed,155
CTR01539,SUP0237,5.41,Sustainment,2023-11-09,18,delayed,92
CTR01545,SUP0262,1.45,Tech Services,2020-07-26,28,delayed,109
CTR01546,SUP0088,7.2,Production,2023-06-25,29,delayed,123
CTR01552,SUP0172,3.77,Production,2021-06-14,39,delayed,208
CTR01554,SUP0460,1.03,Production,2021-10-09,27,delayed,124
CTR01556,SUP0421,2.87,Production,2023-07-11,55,delayed,66
CTR01557,SUP0212,4.86,Sustainment,2020-07-17,47,delayed,117
CTR01559,SUP0112,2.81,Tech Services,2021-09-27,59,delayed,115
CTR01562,SUP0223,1.16,Sustainment,2021-10-03,14,delayed,156
CTR01566,SUP0143,2.1,Tech Services,2023-05-17,30,delayed,215
CTR01567,SUP0182,1.77,Production,2022-12-12,54,delayed,216
CTR01570,SUP0007,0.76,Tech Services,2022-10-27,53,delayed,77
CTR01573,SUP0007,1.54,Tech Services,2023-03-17,48,delayed,213
CTR01578,SUP0443,0.76,R&D,2024-06-28,20,delayed,42
CTR01580,SUP0021,2.57,Production,2022-08-22,59,delayed,231
CTR01590,SUP0430,0.12,R&D,2023-09-30,12,delayed,60
CTR01616,SUP0066,12.7,R&D,2020-11-26,33,delayed,42
CTR01617,SUP0399,1.44,R&D,2023-11-21,21,delayed,16
CTR01618,SUP0391,1.23,R&D,2021-04-14,17,delayed,141
CTR01619,SUP0330,8.76,Sustainment,2024-10-20,58,delayed,31
CTR01623,SUP0029,8.1,Sustainment,2022-01-16,45,delayed,73
CTR01624,SUP0231,3.69,R&D,2022-07-04,18,delayed,194
CTR01635,SUP0423,8.25,Production,2021-05-03,22,delayed,146
CTR01641,SUP0248,4.69,Sustainment,2021-03-06,28,delayed,91
CTR01643,SUP0125,6.5,Sustainment,2021-05-02,43,delayed,224
CTR01644,SUP0067,1.03,Sustainment,2022-08-03,19,delayed,145
CTR01648,SUP0465,1.32,Sustainment,2024-06-21,6,delayed,129
CTR01651,SUP0036,0.64,Sustainment,2024-12-08,32,delayed,179
CTR01652,SUP0390,3.73,Tech Services,2024-06-25,11,delayed,111
CTR01653,SUP0215,16.79,R&D,2025-01-12,11,delayed,119
CTR01655,SUP0249,0.28,R&D,2023-01-19,35,delayed,38
CTR01660,SUP0249,0.25,Sustainment,2023-01-19,56,delayed,214
CTR01666,SUP0454,5.76,Production,2020-08-31,25,delayed,49
CTR01674,SUP0404,1.67,R&D,2022-08-30,53,delayed,16
CTR01677,SUP0098,0.48,Tech Services,2022-11-01,57,delayed,47
CTR01678,SUP0446,1.86,R&D,2021-11-17,31,delayed,90
CTR01682,SUP0023,1.92,Production,2021-12-15,14,delayed,100
CTR01685,SUP0430,0.48,R&D,2022-02-03,50,delayed,219
CTR01687,SUP0471,12.61,Tech Services,2023-09-26,21,delayed,152
CTR01689,SUP0497,4.21,Sustainment,2023-11-12,22,delayed,95
CTR01690,SUP0463,6.4,Sustainment,2020-09-19,27,delayed,76
CTR01699,SUP0413,0.45,R&D,2022-10-23,27,delayed,57
CTR01702,SUP0125,0.17,Tech Services,2022-12-25,53,delayed,211
CTR01703,SUP0344,2.93,Tech Services,2022-12-13,49,delayed,135
CTR01716,SUP0004,3.44,Production,2025-01-31,53,delayed,73
CTR01717,SUP0459,2.65,R&D,2023-07-17,48,delayed,23
CTR01720,SUP0427,1.96,Sustainment,2023-05-11,19,delayed,91
CTR01722,SUP0274,5.45,Sustainment,2021-08-12,20,delayed,202
CTR01724,SUP0282,3.76,Sustainment,2021-10-30,58,delayed,77
CTR01725,SUP0430,1.02,Sustainment,2020-11-18,23,delayed,66
CTR01729,SUP0373,2.61,Sustainment,2022-09-16,51,delayed,37
CTR01731,SUP0086,7.1,R&D,2023-04-26,40,delayed,44
CTR01734,SUP0087,0.09,Sustainment,2022-12-19,58,delayed,185
CTR01739,SUP0245,0.52,R&D,2020-06-24,45,delayed,210
CTR01746,SUP0464,3.57,Tech Services,2020-05-26,52,delayed,35
CTR01762,SUP0469,8.33,Production,2024-12-03,20,delayed,57
CTR01765,SUP0386,2.1,R&D,2022-07-25,28,delayed,215
CTR01773,SUP0080,6.74,R&D,2020-08-31,50,delayed,149
CTR01780,SUP0080,0.86,Tech Services,2024-05-15,26,delayed,30
CTR01782,SUP0266,0.16,Sustainment,2020-10-04,23,delayed,37
CTR01785,SUP0168,1.17,R&D,2022-02-04,15,delayed,200
CTR01797,SUP0387,4.58,Production,2024-01-19,33,delayed,101
CTR01799,SUP0360,3.89,Sustainment,2023-12-14,40,delayed,45
CTR01801,SUP0038,3.93,Sustainment,2023-01-13,47,delayed,135
CTR01810,SUP0115,0.14,Tech Services,2020-10-07,11,delayed,83
CTR01813,SUP0298,3.83,Tech Services,2023-05-31,55,delayed,148
CTR01814,SUP0373,5.64,Production,2025-05-04,34,delayed,129
CTR01817,SUP0493,3.17,Production,2020-06-07,52,delayed,207
CTR01823,SUP0194,1.86,Tech Services,2021-05-04,29,delayed,73
CTR01826,SUP0232,7.66,Production,2022-11-12,13,delayed,170
CTR01828,SUP0369,2.44,Tech Services,2022-03-13,52,delayed,160
CTR01830,SUP0144,0.43,Sustainment,2022-02-28,35,delayed,230
CTR01832,SUP0173,0.66,Production,2023-12-19,54,delayed,91
CTR01839,SUP0312,4.15,Tech Services,2022-12-19,16,delayed,239
CTR01840,SUP0332,2.66,Tech Services,2022-02-16,15,delayed,152
CTR01841,SUP0221,2.09,Sustainment,2021-07-27,53,delayed,21
CTR01842,SUP0335,0.31,Tech Services,2020-07-28,31,delayed,51
CTR01846,SUP0272,0.85,R&D,2024-01-07,9,delayed,238
CTR01854,SUP0397,2.74,Sustainment,2021-07-01,38,delayed,187
CTR01862,SUP0464,0.36,Production,2020-10-25,45,delayed,100
CTR01863,SUP0210,7.71,Production,2025-01-22,15,delayed,30
CTR01866,SUP0188,0.1,Tech Services,2025-02-01,15,delayed,230
CTR01868,SUP0127,2.61,Production,2025-02-19,26,delayed,130
CTR01873,SUP0254,5.02,Production,2022-04-07,36,delayed,132
CTR01882,SUP0025,0.37,Sustainment,2022-07-27,39,delayed,28
CTR01886,SUP0339,3.04,Tech Services,2022-05-17,9,delayed,153
CTR01888,SUP0244,0.39,R&D,2023-12-07,49,delayed,225
CTR01891,SUP0420,0.91,Sustainment,2020-10-20,52,delayed,101
CTR01897,SUP0115,9.1,Sustainment,2022-07-19,14,delayed,176
CTR01900,SUP0058,1.32,Sustainment,2022-10-29,19,delayed,202
CTR01907,SUP0288,2.25,Production,2024-09-19,47,delayed,118
CTR01914,SUP0389,0.11,Tech Services,2021-05-19,41,delayed,155
CTR01921,SUP0113,0.99,Sustainment,2022-11-08,22,delayed,181
CTR01924,SUP0049,6.14,Sustainment,2022-12-12,8,delayed,58
CTR01934,SUP0366,28.56,Tech Services,2024-10-17,6,delayed,42
CTR01937,SUP0085,0.81,Tech Services,2021-11-20,46,delayed,182
CTR01940,SUP0164,1.25,Sustainment,2021-03-29,22,delayed,30
CTR01948,SUP0447,8.31,Tech Services,2021-07-05,6,delayed,64
CTR01951,SUP0321,3.2,R&D,2022-08-20,9,delayed,129
CTR01954,SUP0383,0.14,Production,2024-05-10,15,delayed,170
CTR01955,SUP0224,4.79,R&D,2021-03-05,33,delayed,82
CTR01958,SUP0293,4.0,Sustainment,2022-06-09,17,delayed,106
CTR01963,SUP0122,2.52,Sustainment,2021-01-26,38,delayed,135
CTR01974,SUP0167,1.57,Sustainment,2020-09-25,58,delayed,202
CTR01975,SUP0482,4.53,Production,2021-09-14,51,delayed,154
CTR01978,SUP0407,2.05,Tech Services,2022-02-05,27,delayed,30
CTR01979,SUP0139,3.23,Tech Services,2024-12-25,24,delayed,67
CTR01992,SUP0307,12.46,Sustainment,2022-09-09,53,delayed,196
CTR01994,SUP0063,4.64,R&D,2020-09-07,29,delayed,63
CTR01996,SUP0292,9.27,Production,2022-01-24,24,delayed,178
CTR02002,SUP0127,6.0,R&D,2022-05-11,47,delayed,76
CTR02004,SUP0446,4.62,Sustainment,2024-04-27,9,delayed,98
CTR02007,SUP0492,16.31,R&D,2022-07-28,41,delayed,168
CTR02010,SUP0144,0.33,Tech Services,2023-03-15,24,delayed,70
CTR02012,SUP0275,0.16,Sustainment,2020-05-17,17,delayed,134
CTR02014,SUP0466,3.51,Tech Services,2020-08-01,11,delayed,104
CTR02020,SUP0448,7.55,Sustainment,2021-10-29,8,delayed,164
CTR02025,SUP0312,1.15,Sustainment,2020-06-30,53,delayed,134
CTR02033,SUP0354,0.02,Sustainment,2021-07-21,16,delayed,87
CTR02034,SUP0181,0.37,Production,2023-12-06,37,delayed,83
CTR02037,SUP0239,0.42,Production,2022-12-29,49,delayed,223
CTR02039,SUP0402,0.97,R&D,2022-03-23,55,delayed,191
CTR02043,SUP0048,3.85,Tech Services,2025-02-19,52,delayed,112
CTR02048,SUP0225,0.58,R&D,2021-10-02,23,delayed,16
CTR02049,SUP0335,1.08,Sustainment,2021-07-06,36,delayed,67
CTR02051,SUP0072,3.06,Sustainment,2022-05-25,42,delayed,133
CTR02055,SUP0025,0.12,Tech Services,2022-11-10,32,delayed,21
CTR02061,SUP0082,7.06,Tech Services,2020-11-13,52,delayed,219
CTR02064,SUP0128,2.83,Sustainment,2024-03-18,31,delayed,162
CTR02065,SUP0318,3.55,Production,2020-06-28,25,delayed,236
CTR02072,SUP0349,0.45,Production,2024-04-17,57,delayed,172
CTR02075,SUP0241,1.8,R&D,2025-03-14,20,delayed,89
CTR02079,SUP0328,4.48,Production,2023-12-20,21,delayed,109
CTR02081,SUP0187,1.8,R&D,2024-11-12,24,delayed,209
CTR02086,SUP0435,3.15,Tech Services,2021-06-06,19,delayed,201
CTR02087,SUP0276,7.91,Tech Services,2021-07-08,55,delayed,208
CTR02089,SUP0082,2.2,Tech Services,2021-08-30,13,delayed,17
CTR02091,SUP0243,9.87,R&D,2024-04-12,12,delayed,198
CTR02097,SUP0208,7.05,Sustainment,2025-03-31,41,delayed,93
CTR02099,SUP0025,8.32,Tech Services,2024-02-25,22,delayed,31
CTR02102,SUP0122,1.66,Tech Services,2023-03-31,11,delayed,126
CTR02105,SUP0403,0.43,R&D,2022-07-14,41,delayed,66
CTR02108,SUP0229,9.32,Production,2024-11-07,53,delayed,21
CTR02110,SUP0399,3.94,Tech Services,2021-06-06,15,delayed,126
CTR02114,SUP0459,0.71,Tech Services,2023-06-04,19,delayed,147
CTR02116,SUP0402,0.49,Sustainment,2021-10-07,49,delayed,239
CTR02117,SUP0170,3.95,R&D,2021-07-20,47,delayed,68
CTR02119,SUP0133,1.1,R&D,2022-08-10,55,delayed,75
CTR02122,SUP0043,26.37,Production,2024-10-12,51,delayed,123
CTR02126,SUP0361,7.03,Production,2020-10-23,21,delayed,30
CTR02130,SUP0253,5.16,R&D,2022-10-17,11,delayed,209
CTR02131,SUP0236,0.01,R&D,2022-06-03,43,delayed,201
CTR02134,SUP0479,2.81,R&D,2025-03-14,17,delayed,61
CTR02135,SUP0027,1.88,Sustainment,2024-09-26,41,delayed,62
CTR02141,SUP0141,5.57,Sustainment,2022-08-31,32,delayed,135
CTR02143,SUP0161,0.13,Sustainment,2024-08-13,13,delayed,78
CTR02148,SUP0179,12.85,Sustainment,2020-10-20,17,delayed,64
CTR02154,SUP0348,0.15,Sustainment,2021-06-01,42,delayed,227
CTR02156,SUP0375,6.07,Tech Services,2023-08-26,37,delayed,55
CTR02158,SUP0188,2.75,R&D,2020-10-03,6,delayed,214
CTR02159,SUP0440,0.37,R&D,2024-04-21,30,delayed,36
CTR02162,SUP0365,8.47,Tech Services,2023-06-05,29,delayed,129
CTR02164,SUP0282,4.33,R&D,2021-11-15,48,delayed,196
CTR02168,SUP0167,1.4,Production,2024-02-28,32,delayed,19
CTR02173,SUP0480,0.15,Tech Services,2020-05-20,21,delayed,159
CTR02175,SUP0083,5.03,Sustainment,2024-12-18,10,delayed,115
CTR02176,SUP0208,2.12,Sustainment,2020-10-28,23,delayed,92
CTR02177,SUP0055,1.09,Sustainment,2022-12-04,8,delayed,55
CTR02179,SUP0115,0.49,Production,2024-03-14,59,delayed,106
CTR02180,SUP0243,6.81,R&D,2021-03-19,22,delayed,237
CTR02193,SUP0054,2.94,Production,2022-09-30,38,delayed,223
CTR02195,SUP0082,2.78,Sustainment,2023-09-27,32,delayed,177
CTR02200,SUP0173,3.26,Production,2023-09-05,37,delayed,182
CTR02203,SUP0076,0.58,Production,2020-06-30,7,delayed,36
CTR02214,SUP0298,2.65,Production,2025-03-22,48,delayed,190
CTR02217,SUP0434,2.88,Sustainment,2025-04-23,37,delayed,67
CTR02218,SUP0069,5.25,Tech Services,2024-02-18,6,delayed,107
CTR02221,SUP0102,3.38,R&D,2024-12-31,21,delayed,24
CTR02224,SUP0016,1.32,R&D,2021-05-30,16,delayed,160
CTR02229,SUP0462,0.63,Tech Services,2024-11-28,33,delayed,222
CTR02239,SUP0242,9.34,Sustainment,2022-03-09,24,delayed,63
CTR02240,SUP0080,2.41,Sustainment,2024-05-26,30,delayed,85
CTR02246,SUP0100,1.53,Sustainment,2022-05-06,55,delayed,172
CTR02253,SUP0462,0.7,Sustainment,2024-03-07,37,delayed,33
CTR02255,SUP0361,2.88,Production,2022-06-09,53,delayed,69
CTR02257,SUP0290,2.3,Sustainment,2022-12-26,45,delayed,202
CTR02265,SUP0027,0.4,Tech Services,2023-11-14,31,delayed,229
CTR02269,SUP0412,10.7,Production,2020-05-15,51,delayed,214
CTR02272,SUP0473,2.15,Production,2021-05-07,50,delayed,223
CTR02277,SUP0238,0.05,Production,2022-06-09,14,delayed,35
CTR02278,SUP0086,6.19,Tech Services,2021-09-22,44,delayed,40
CTR02281,SUP0487,4.19,Production,2021-12-01,31,delayed,42
CTR02284,SUP0202,11.94,R&D,2022-05-25,12,delayed,181
CTR02286,SUP0432,6.74,R&D,2024-03-28,21,delayed,175
CTR02299,SUP0358,2.81,Production,2023-11-19,44,delayed,54
CTR02301,SUP0168,0.17,R&D,2021-03-14,59,delayed,225
CTR02302,SUP0333,5.78,Sustainment,2022-06-30,54,delayed,43
CTR02309,SUP0060,7.88,Tech Services,2020-08-27,8,delayed,34
CTR02320,SUP0208,0.12,Sustainment,2024-08-30,26,delayed,34
CTR02334,SUP0277,6.41,Sustainment,2022-09-15,53,delayed,88
CTR02335,SUP0148,4.88,Tech Services,2021-01-10,34,delayed,154
CTR02336,SUP0457,0.91,Production,2025-04-21,18,delayed,134
CTR02337,SUP0139,10.96,Sustainment,2024-08-28,8,delayed,111
CTR02339,SUP0269,3.98,Production,2022-01-29,21,delayed,134
CTR02343,SUP0216,2.9,Production,2022-02-21,50,delayed,39
CTR02345,SUP0169,1.38,Tech Services,2020-09-01,10,delayed,167
CTR02346,SUP0284,6.41,Production,2023-08-14,12,delayed,18
CTR02354,SUP0057,7.69,Production,2023-05-29,26,delayed,18
CTR02355,SUP0163,2.75,Production,2021-09-28,33,delayed,151
CTR02372,SUP0167,6.1,Sustainment,2021-12-16,59,delayed,157
CTR02374,SUP0041,2.18,Tech Services,2020-07-13,53,delayed,40
CTR02380,SUP0071,2.66,Tech Services,2023-09-22,53,delayed,93
CTR02383,SUP0382,1.57,Tech Services,2022-10-27,18,delayed,104
CTR02385,SUP0431,0.78,Sustainment,2023-06-14,49,delayed,234
CTR02386,SUP0048,0.8,Sustainment,2021-09-28,46,delayed,85
CTR02387,SUP0020,0.04,R&D,2020-05-14,37,delayed,174
CTR02390,SUP0466,0.19,Tech Services,2024-05-22,58,delayed,90
CTR02395,SUP0364,1.88,R&D,2024-04-03,45,delayed,113
CTR02400,SUP0121,1.02,Sustainment,2022-01-08,15,delayed,194
CTR02401,SUP0484,1.11,Sustainment,2022-01-07,30,delayed,141
CTR02404,SUP0036,26.92,R&D,2022-03-05,32,delayed,46
CTR02406,SUP0238,0.87,Tech Services,2025-03-04,38,delayed,23
CTR02409,SUP0094,0.57,Production,2023-01-29,47,delayed,92
CTR02411,SUP0495,1.87,R&D,2023-05-19,26,delayed,27
CTR02425,SUP0180,4.31,Tech Services,2022-12-24,50,delayed,198
CTR02430,SUP0411,0.7,R&D,2022-03-03,13,delayed,138
CTR02441,SUP0491,3.83,Tech Services,2021-12-31,14,delayed,186
CTR02442,SUP0479,0.6,Sustainment,2020-06-06,23,delayed,239
CTR02446,SUP0120,2.0,Production,2023-01-20,29,delayed,110
CTR02448,SUP0361,1.31,Production,2022-01-14,15,delayed,97
CTR02451,SUP0002,1.71,Tech Services,2024-06-02,53,delayed,172
CTR02452,SUP0243,8.3,Sustainment,2025-02-17,40,delayed,158
CTR02455,SUP0144,0.46,R&D,2020-05-24,52,delayed,154
CTR02456,SUP0483,5.59,R&D,2023-02-15,22,delayed,216
CTR02457,SUP0186,3.35,R&D,2021-03-26,51,delayed,208
CTR02465,SUP0410,1.96,Sustainment,2022-01-13,29,delayed,32
CTR02472,SUP0028,0.9,Production,2023-01-05,54,delayed,155
CTR02479,SUP0183,2.44,Sustainment,2025-04-01,26,delayed,107
CTR02481,SUP0306,1.31,Production,2021-11-16,42,delayed,38
CTR02494,SUP0463,1.97,Tech Services,2020-12-10,55,delayed,116
CTR02500,SUP0333,1.42,Tech Services,2021-10-17,36,delayed,154
CTR02512,SUP0191,16.25,Sustainment,2020-06-06,39,delayed,74
CTR02521,SUP0491,13.51,R&D,2020-08-13,32,delayed,74
CTR02525,SUP0207,0.8,R&D,2022-06-07,33,delayed,235
CTR02526,SUP0217,2.57,Tech Services,2020-07-02,18,delayed,228
CTR02528,SUP0222,3.26,Sustainment,2024-01-22,49,delayed,114
CTR02530,SUP0305,4.72,Production,2021-05-24,7,delayed,15
CTR02532,SUP0225,2.79,Production,2025-01-08,39,delayed,57
CTR02535,SUP0004,3.17,Production,2025-02-05,50,delayed,69
CTR02547,SUP0319,2.9,R&D,2023-07-02,53,delayed,182
CTR02548,SUP0317,2.1,Tech Services,2024-09-03,8,delayed,206
CTR02554,SUP0362,0.67,R&D,2024-01-01,33,delayed,48
CTR02556,SUP0456,2.09,Production,2020-09-25,23,delayed,48
CTR02557,SUP0301,3.32,R&D,2020-06-29,10,delayed,190
CTR02566,SUP0249,1.7,Tech Services,2021-02-12,6,delayed,175
CTR02576,SUP0199,2.41,Production,2023-12-04,47,delayed,210
CTR02578,SUP0384,1.39,Production,2024-08-24,35,delayed,172
CTR02579,SUP0179,7.73,Production,2022-01-26,47,delayed,124
CTR02584,SUP0090,2.52,Tech Services,2020-11-03,25,delayed,98
CTR02587,SUP0145,0.91,R&D,2023-06-29,36,delayed,104
CTR02589,SUP0447,3.89,Tech Services,2022-02-09,26,delayed,93
CTR02591,SUP0487,0.8,Production,2022-07-25,32,delayed,85
CTR02593,SUP0007,5.97,R&D,2023-01-22,31,delayed,85
CTR02594,SUP0029,0.18,Sustainment,2024-06-19,38,delayed,128
CTR02599,SUP0497,0.28,Production,2023-03-18,6,delayed,43
CTR02609,SUP0151,1.69,Production,2024-09-04,59,delayed,165
CTR02611,SUP0271,1.17,Production,2022-09-08,47,delayed,176
CTR02619,SUP0235,1.95,R&D,2020-09-12,21,delayed,226
CTR02622,SUP0368,1.42,Tech Services,2021-05-08,46,delayed,157
CTR02624,SUP0033,8.64,Production,2023-02-01,26,delayed,111
CTR02626,SUP0182,0.12,R&D,2020-10-01,23,delayed,67
CTR02627,SUP0355,5.42,Production,2022-01-11,59,delayed,159
CTR02632,SUP0275,2.42,Sustainment,2021-12-17,27,delayed,78
CTR02635,SUP0337,5.36,Tech Services,2024-08-09,50,delayed,226
CTR02636,SUP0447,1.9,Tech Services,2024-12-12,15,delayed,75
CTR02637,SUP0346,2.43,R&D,2024-11-10,7,delayed,199
CTR02639,SUP0155,3.2,R&D,2023-02-21,11,delayed,219
CTR02642,SUP0087,1.83,Production,2025-02-17,22,delayed,122
CTR02654,SUP0122,10.0,Production,2022-10-21,9,delayed,230
CTR02661,SUP0186,9.05,R&D,2021-04-22,10,delayed,51
CTR02663,SUP0119,2.82,R&D,2021-11-03,55,delayed,149
CTR02664,SUP0387,1.03,Sustainment,2021-12-16,9,delayed,22
CTR02668,SUP0324,6.16,R&D,2022-08-17,13,delayed,229
CTR02669,SUP0011,0.85,Sustainment,2021-02-15,54,delayed,92
CTR02673,SUP0493,1.64,Tech Services,2021-03-14,33,delayed,82
CTR02678,SUP0338,0.28,Tech Services,2021-02-27,22,delayed,35
CTR02684,SUP0352,1.48,Production,2022-07-12,26,delayed,203
CTR02686,SUP0207,1.87,Tech Services,2021-01-07,52,delayed,216
CTR02691,SUP0181,4.48,Production,2020-06-21,8,delayed,228
CTR02694,SUP0216,1.97,R&D,2023-12-01,24,delayed,108
CTR02699,SUP0285,1.23,R&D,2022-12-15,9,delayed,236
CTR02700,SUP0081,2.73,Sustainment,2023-10-09,50,delayed,222
CTR02703,SUP0281,4.61,Production,2021-07-23,42,delayed,89
CTR02705,SUP0327,0.45,Tech Services,2024-04-17,20,delayed,228
CTR02707,SUP0442,3.05,R&D,2020-08-05,16,delayed,171
CTR02708,SUP0262,0.44,Tech Services,2021-01-09,50,delayed,167
CTR02709,SUP0196,0.83,Production,2020-12-05,28,delayed,200
CTR02714,SUP0117,1.43,Production,2020-07-30,43,delayed,156
CTR02715,SUP0202,4.84,Tech Services,2024-08-23,18,delayed,92
CTR02718,SUP0076,1.87,R&D,2023-11-14,45,delayed,80
CTR02719,SUP0419,4.91,R&D,2023-01-10,55,delayed,196
CTR02724,SUP0346,0.8,Production,2022-11-25,45,delayed,219
CTR02731,SUP0330,2.4,R&D,2020-07-16,26,delayed,209
CTR02732,SUP0089,9.47,R&D,2021-01-17,40,delayed,172
CTR02734,SUP0370,13.77,Sustainment,2023-09-22,34,delayed,160
CTR02739,SUP0181,5.19,Sustainment,2023-06-27,28,delayed,68
CTR02740,SUP0412,10.59,R&D,2021-11-30,38,delayed,114
CTR02743,SUP0485,6.81,Sustainment,2022-05-13,51,delayed,35
CTR02752,SUP0259,4.89,Production,2023-04-02,58,delayed,67
CTR02757,SUP0407,1.18,Sustainment,2022-09-12,26,delayed,97
CTR02761,SUP0081,1.81,Tech Services,2024-06-25,8,delayed,158
CTR02768,SUP0456,0.82,Production,2021-09-21,50,delayed,170
CTR02770,SUP0403,2.28,Tech Services,2022-01-08,32,delayed,18
CTR02774,SUP0107,2.76,R&D,2022-03-10,24,delayed,69
CTR02781,SUP0301,0.15,Sustainment,2021-10-30,27,delayed,29
CTR02785,SUP0161,3.28,Sustainment,2023-12-01,52,delayed,78
CTR02790,SUP0071,1.51,Tech Services,2023-07-18,25,delayed,207
CTR02791,SUP0318,9.27,Sustainment,2022-04-23,55,delayed,126
CTR02796,SUP0116,3.5,Production,2021-05-30,9,delayed,158
CTR02812,SUP0240,1.49,R&D,2024-04-08,40,delayed,132
CTR02813,SUP0150,1.73,R&D,2020-08-01,19,delayed,34
CTR02819,SUP0322,6.7,R&D,2023-12-21,26,delayed,78
CTR02823,SUP0284,1.88,Sustainment,2025-04-05,45,delayed,47
CTR02827,SUP0089,0.72,R&D,2022-01-02,48,delayed,95
CTR02833,SUP0183,2.86,Production,2024-11-25,58,delayed,211
CTR02834,SUP0307,3.08,Production,2020-10-24,57,delayed,140
CTR02836,SUP0381,2.05,R&D,2025-03-04,16,delayed,83
CTR02840,SUP0369,2.79,Production,2024-09-14,21,delayed,200
CTR02842,SUP0010,3.54,Tech Services,2023-10-01,17,delayed,181
CTR02843,SUP0051,4.83,Tech Services,2022-06-21,54,delayed,219
CTR02846,SUP0131,6.12,R&D,2021-10-08,29,delayed,178
CTR02847,SUP0472,2.18,R&D,2020-10-19,51,delayed,108
CTR02848,SUP0296,1.14,Tech Services,2024-06-21,23,delayed,82
CTR02852,SUP0067,5.25,Production,2024-07-22,43,delayed,101
CTR02853,SUP0393,6.03,Sustainment,2024-09-30,45,delayed,35
CTR02857,SUP0276,5.2,Production,2023-07-04,11,delayed,77
CTR02861,SUP0016,2.18,Tech Services,2023-05-10,12,delayed,99
CTR02863,SUP0373,1.88,Sustainment,2024-06-03,30,delayed,148
CTR02879,SUP0137,11.97,R&D,2023-12-05,11,delayed,38
CTR02886,SUP0187,2.19,Tech Services,2023-06-21,42,delayed,125
CTR02889,SUP0292,1.34,Production,2023-02-28,23,delayed,195
CTR02892,SUP0045,6.62,R&D,2024-10-05,48,delayed,109
CTR02899,SUP0144,8.69,Production,2020-05-29,17,delayed,97
CTR02902,SUP0201,0.5,Production,2020-09-05,30,delayed,116
CTR02903,SUP0092,2.51,Tech Services,2025-02-09,58,delayed,218
CTR02915,SUP0228,2.95,R&D,2021-04-07,7,delayed,92
CTR02918,SUP0449,1.63,Production,2021-03-26,8,delayed,192
CTR02924,SUP0229,6.91,R&D,2024-09-20,6,delayed,138
CTR02927,SUP0177,2.45,Sustainment,2024-06-03,14,delayed,154
CTR02933,SUP0352,9.07,Tech Services,2024-05-21,20,delayed,198
CTR02940,SUP0248,4.82,R&D,2024-05-02,58,delayed,134
CTR02945,SUP0329,3.03,Production,2025-05-08,55,delayed,29
CTR02949,SUP0066,4.05,R&D,2023-10-10,58,delayed,97
CTR02951,SUP0088,0.66,Sustainment,2025-04-29,12,delayed,234
CTR02952,SUP0359,2.12,Production,2023-11-11,36,delayed,182
CTR02954,SUP0005,4.05,Sustainment,2023-08-16,45,delayed,183
CTR02956,SUP0468,3.57,R&D,2025-01-01,44,delayed,211
CTR02958,SUP0102,7.47,R&D,2023-09-22,41,delayed,211
CTR02960,SUP0430,6.28,Sustainment,2023-10-28,42,delayed,20
CTR02965,SUP0054,3.16,R&D,2024-05-29,33,delayed,229
CTR02966,SUP0466,4.24,Tech Services,2022-04-06,55,delayed,81
CTR02970,SUP0429,3.35,Sustainment,2020-11-03,58,delayed,175
CTR02973,SUP0156,3.18,Tech Services,2023-05-08,37,delayed,185
CTR02976,SUP0270,4.03,R&D,2025-02-17,14,delayed,136
CTR02979,SUP0430,7.56,Production,2022-08-10,37,delayed,163
CTR02984,SUP0177,3.23,Sustainment,2024-05-25,35,delayed,98
CTR02985,SUP0076,3.38,Sustainment,2023-09-30,25,delayed,207
CTR02989,SUP0131,1.49,R&D,2023-04-11,40,delayed,125
CTR02990,SUP0289,2.0,R&D,2020-09-03,41,delayed,159
CTR02992,SUP0215,3.87,Sustainment,2020-12-11,19,delayed,235
CTR03000,SUP0361,0.2,Production,2021-12-16,9,delayed,150
CTR03003,SUP0402,2.02,R&D,2023-07-05,40,delayed,78
CTR03005,SUP0275,14.77,Tech Services,2023-01-31,47,delayed,140
CTR03011,SUP0391,3.49,Production,2021-01-12,19,delayed,232
CTR03019,SUP0061,0.65,Production,2025-03-15,12,delayed,42
CTR03028,SUP0154,3.36,Production,2023-02-03,37,delayed,112
CTR03030,SUP0114,2.28,Production,2020-08-20,15,delayed,232
CTR03031,SUP0327,5.31,Tech Services,2023-12-23,26,delayed,155
CTR03033,SUP0488,1.31,R&D,2022-02-02,21,delayed,27
CTR03037,SUP0153,2.04,Tech Services,2022-01-11,57,delayed,180
CTR03041,SUP0409,1.16,Tech Services,2022-08-27,21,delayed,167
CTR03043,SUP0343,0.74,Production,2021-05-05,53,delayed,204
CTR03044,SUP0215,1.49,Production,2023-10-24,7,delayed,165
CTR03049,SUP0036,0.16,Tech Services,2023-07-22,10,delayed,100
CTR03052,SUP0390,5.07,Production,2024-08-02,58,delayed,35
CTR03056,SUP0322,2.23,Sustainment,2023-04-29,6,delayed,196
CTR03058,SUP0204,2.87,R&D,2021-01-16,46,delayed,77
CTR03059,SUP0483,4.07,R&D,2022-06-22,27,delayed,172
CTR03060,SUP0218,3.76,R&D,2024-02-03,37,delayed,217
CTR03062,SUP0451,5.63,Sustainment,2023-04-14,56,delayed,210
CTR03067,SUP0306,8.18,Production,2022-08-26,58,delayed,239
CTR03068,SUP0470,7.72,Tech Services,2024-09-23,17,delayed,125
CTR03073,SUP0274,7.13,R&D,2022-11-20,56,delayed,90
CTR03075,SUP0484,12.3,Production,2024-03-02,33,delayed,87
CTR03076,SUP0092,9.43,R&D,2023-05-21,12,delayed,174
CTR03079,SUP0452,0.49,Production,2022-07-10,31,delayed,217
CTR03083,SUP0361,2.36,Production,2024-06-24,51,delayed,166
CTR03084,SUP0433,1.83,R&D,2024-03-12,52,delayed,21
CTR03087,SUP0397,3.01,Sustainment,2022-11-01,26,delayed,86
CTR03089,SUP0038,1.62,Sustainment,2024-08-08,7,delayed,239
CTR03096,SUP0024,2.98,Sustainment,2022-01-17,46,delayed,231
CTR03105,SUP0250,3.42,Production,2025-04-07,13,delayed,143
CTR03107,SUP0394,0.19,R&D,2023-09-15,18,delayed,145
CTR03111,SUP0200,2.83,Tech Services,2022-02-04,33,delayed,118
CTR03112,SUP0035,0.78,R&D,2025-03-05,23,delayed,42
CTR03128,SUP0229,9.58,R&D,2023-05-22,45,delayed,57
CTR03130,SUP0280,4.31,Sustainment,2021-08-21,43,delayed,111
CTR03135,SUP0199,3.64,R&D,2021-01-11,56,delayed,60
CTR03136,SUP0419,0.9,Sustainment,2023-10-06,21,delayed,15
CTR03139,SUP0384,5.2,Tech Services,2022-01-13,36,delayed,180
CTR03143,SUP0330,6.71,R&D,2020-08-20,28,delayed,233
CTR03147,SUP0419,4.9,Sustainment,2025-03-30,23,delayed,116
CTR03148,SUP0430,0.85,R&D,2022-06-21,32,delayed,49
CTR03150,SUP0386,2.19,R&D,2022-03-03,23,delayed,216
CTR03154,SUP0327,8.95,Sustainment,2022-02-26,18,delayed,218
CTR03157,SUP0070,0.78,Tech Services,2021-01-03,31,delayed,216
CTR03158,SUP0399,0.2,Tech Services,2022-01-25,33,delayed,68
CTR03167,SUP0152,1.34,Sustainment,2021-10-16,58,delayed,38
CTR03172,SUP0473,1.9,Production,2023-01-01,57,delayed,170
CTR03177,SUP0009,3.55,Production,2025-03-06,22,delayed,36
CTR03179,SUP0418,3.71,Sustainment,2022-08-30,43,delayed,30
CTR03182,SUP0214,3.38,Sustainment,2024-03-08,35,delayed,27
CTR03185,SUP0325,1.51,Tech Services,2023-08-12,27,delayed,114
CTR03187,SUP0307,1.45,Tech Services,2022-04-17,22,delayed,114
CTR03190,SUP0079,2.74,Sustainment,2023-11-09,53,delayed,76
CTR03194,SUP0359,1.14,R&D,2020-12-22,54,delayed,185
CTR03199,SUP0327,16.77,R&D,2023-11-30,21,delayed,101
CTR03200,SUP0096,2.73,Tech Services,2024-12-19,33,delayed,92
CTR03206,SUP0258,0.96,Production,2021-02-15,36,delayed,174
CTR03209,SUP0073,1.46,Tech Services,2021-09-26,38,delayed,81
CTR03212,SUP0042,0.73,R&D,2021-09-27,23,delayed,105
CTR03214,SUP0481,0.22,Production,2022-11-07,28,delayed,225
CTR03216,SUP0338,3.65,Production,2021-01-20,31,delayed,228
CTR03222,SUP0258,5.37,Production,2022-10-22,53,delayed,199
CTR03227,SUP0111,6.79,Production,2023-03-21,34,delayed,207
CTR03232,SUP0099,0.4,Sustainment,2023-07-27,25,delayed,211
CTR03234,SUP0443,4.58,R&D,2020-12-24,58,delayed,191
CTR03242,SUP0105,4.01,Sustainment,2023-02-11,35,delayed,47
CTR03250,SUP0368,0.16,Tech Services,2021-04-03,25,delayed,129
CTR03251,SUP0208,0.86,Production,2023-02-18,16,delayed,33
CTR03252,SUP0354,0.05,Production,2023-04-27,15,delayed,178
CTR03267,SUP0098,0.34,Production,2024-08-20,33,delayed,212
CTR03277,SUP0084,5.45,Production,2023-06-04,16,delayed,138
CTR03282,SUP0324,5.52,R&D,2020-10-03,44,delayed,157
CTR03290,SUP0296,0.86,Sustainment,2021-12-08,58,delayed,134
CTR03293,SUP0014,0.52,Tech Services,2024-07-07,28,delayed,111
CTR03298,SUP0077,7.92,Sustainment,2022-05-30,44,delayed,38
CTR03303,SUP0497,0.59,Sustainment,2023-04-16,24,delayed,41
CTR03307,SUP0361,2.92,Production,2023-11-04,37,delayed,191
CTR03321,SUP0475,1.31,R&D,2022-05-29,22,delayed,89
CTR03334,SUP0038,3.66,Production,2024-12-07,32,delayed,37
CTR03339,SUP0192,1.35,R&D,2024-07-01,43,delayed,175
CTR03341,SUP0290,8.03,Production,2024-08-03,24,delayed,55
CTR03343,SUP0112,2.06,R&D,2020-05-16,9,delayed,70
CTR03346,SUP0222,2.7,Sustainment,2020-06-29,27,delayed,171
CTR03348,SUP0495,0.86,Tech Services,2020-11-02,22,delayed,173
CTR03351,SUP0196,0.1,Sustainment,2022-12-02,39,delayed,207
CTR03352,SUP0161,8.32,Sustainment,2025-01-11,16,delayed,112
CTR03354,SUP0353,0.87,Production,2020-10-08,16,delayed,160
CTR03358,SUP0445,1.34,Sustainment,2025-02-07,26,delayed,224
CTR03364,SUP0477,2.19,R&D,2023-10-13,13,delayed,20
CTR03370,SUP0080,0.15,Sustainment,2023-11-15,46,delayed,194
CTR03374,SUP0263,7.84,Tech Services,2024-11-13,32,delayed,54
CTR03382,SUP0459,1.99,R&D,2023-11-21,31,delayed,207
CTR03392,SUP0451,4.18,R&D,2021-09-14,43,delayed,56
CTR03394,SUP0318,0.93,Sustainment,2022-10-17,49,delayed,236
CTR03395,SUP0064,0.83,Sustainment,2024-02-07,6,delayed,210
CTR03396,SUP0028,6.81,Sustainment,2023-07-31,8,delayed,46
CTR03399,SUP0101,0.5,Production,2024-09-30,36,delayed,24
CTR03404,SUP0260,21.15,Production,2021-12-20,40,delayed,83
CTR03406,SUP0099,2.15,Tech Services,2023-11-12,33,delayed,23
CTR03408,SUP0186,1.27,R&D,2025-03-21,9,delayed,83
CTR03411,SUP0409,7.63,Tech Services,2022-12-15,25,delayed,203
CTR03422,SUP0161,1.46,Production,2023-08-29,39,delayed,153
CTR03429,SUP0220,6.2,Sustainment,2024-03-25,55,delayed,113
CTR03430,SUP0437,10.36,Production,2024-07-14,13,delayed,233
CTR03433,SUP0354,1.15,Production,2021-05-18,50,delayed,210
CTR03440,SUP0370,6.83,Tech Services,2022-07-16,7,delayed,88
CTR03442,SUP0318,10.27,Tech Services,2020-08-20,52,delayed,117
CTR03444,SUP0221,1.32,Tech Services,2024-12-27,50,delayed,239
CTR03446,SUP0355,4.19,R&D,2023-01-17,59,delayed,137
CTR03447,SUP0164,1.58,Production,2024-05-25,11,delayed,116
CTR03452,SUP0342,2.92,Sustainment,2021-01-29,44,delayed,22
CTR03454,SUP0374,0.5,R&D,2023-02-23,39,delayed,191
CTR03456,SUP0100,0.76,Tech Services,2022-09-02,12,delayed,166
CTR03457,SUP0041,0.34,R&D,2025-01-19,8,delayed,175
CTR03462,SUP0137,1.05,Production,2024-04-06,21,delayed,33
CTR03463,SUP0467,0.32,Production,2021-11-26,30,delayed,16
CTR03467,SUP0409,3.45,Production,2022-11-26,36,delayed,69
CTR03480,SUP0291,1.23,R&D,2020-07-20,44,delayed,153
CTR03481,SUP0045,8.46,Production,2023-09-21,57,delayed,31
CTR03483,SUP0135,4.63,R&D,2022-08-02,49,delayed,184
CTR03491,SUP0268,5.68,Production,2022-03-26,54,delayed,75
CTR03493,SUP0039,13.06,Production,2022-09-04,41,delayed,145
CTR03494,SUP0145,1.48,Tech Services,2020-05-13,22,delayed,100
CTR03496,SUP0153,1.31,Production,2021-07-13,57,delayed,49
CTR03499,SUP0472,3.66,Tech Services,2024-06-11,13,delayed,227
CTR03502,SUP0414,0.53,Tech Services,2024-02-07,59,delayed,231
CTR03504,SUP0251,0.39,Production,2021-10-01,27,delayed,117
CTR03507,SUP0095,2.68,Production,2021-08-08,28,delayed,80
CTR03509,SUP0490,0.12,Production,2024-12-26,40,delayed,15
CTR03510,SUP0184,16.03,R&D,2021-06-24,8,delayed,149
CTR03512,SUP0015,2.06,R&D,2021-10-24,38,delayed,162
CTR03526,SUP0259,2.43,R&D,2024-05-05,37,delayed,185
CTR03530,SUP0401,1.14,Tech Services,2022-07-03,32,delayed,133
CTR03531,SUP0358,0.48,Tech Services,2021-01-24,7,delayed,148
CTR03533,SUP0425,3.24,Sustainment,2025-05-06,21,delayed,69
CTR03536,SUP0009,2.23,Tech Services,2021-04-08,48,delayed,114
CTR03537,SUP0398,2.37,R&D,2021-09-20,52,delayed,35
CTR03553,SUP0025,0.02,R&D,2025-02-12,29,delayed,65
CTR03562,SUP0009,3.7,R&D,2023-12-24,13,delayed,188
CTR03566,SUP0021,0.46,Tech Services,2021-10-28,34,delayed,177
CTR03568,SUP0202,0.42,Production,2022-05-20,19,delayed,114
CTR03570,SUP0353,0.71,Sustainment,2021-09-04,55,delayed,22
CTR03571,SUP0024,3.16,R&D,2025-03-07,32,delayed,82
CTR03573,SUP0099,0.47,Tech Services,2022-01-11,57,delayed,121
CTR03574,SUP0124,0.1,R&D,2022-12-30,9,delayed,158
CTR03579,SUP0323,5.26,Sustainment,2024-08-28,58,delayed,81
CTR03587,SUP0325,3.14,R&D,2024-05-18,21,delayed,213
CTR03588,SUP0334,0.63,Tech Services,2022-11-06,59,delayed,206
CTR03593,SUP0351,0.48,R&D,2020-05-25,40,delayed,16
CTR03596,SUP0224,0.57,R&D,2024-01-06,44,delayed,15
CTR03601,SUP0455,18.16,R&D,2021-09-24,27,delayed,200
CTR03603,SUP0227,1.29,R&D,2023-12-31,57,delayed,15
CTR03604,SUP0370,6.36,Sustainment,2023-11-27,20,delayed,116
CTR03606,SUP0413,3.05,Sustainment,2023-12-12,7,delayed,129
CTR03607,SUP0189,1.02,Sustainment,2020-09-24,13,delayed,149
CTR03618,SUP0155,0.48,Tech Services,2022-03-19,56,delayed,102
CTR03621,SUP0471,9.03,R&D,2021-07-07,55,delayed,211
CTR03625,SUP0413,7.86,Production,2020-06-05,43,delayed,227
CTR03626,SUP0259,3.62,R&D,2021-01-05,45,delayed,106
CTR03627,SUP0381,1.19,Production,2021-10-12,7,delayed,32
CTR03629,SUP0191,7.76,Sustainment,2020-10-09,53,delayed,102
CTR03641,SUP0326,1.7,Production,2024-06-01,52,delayed,174
CTR03642,SUP0430,3.84,Sustainment,2021-01-02,41,delayed,187
CTR03646,SUP0322,2.29,Sustainment,2023-10-06,18,delayed,47
CTR03648,SUP0022,0.3,Sustainment,2021-02-23,26,delayed,216
CTR03654,SUP0093,7.77,Tech Services,2021-09-13,57,delayed,87
CTR03655,SUP0263,2.18,Sustainment,2024-04-21,53,delayed,191
CTR03660,SUP0135,6.87,Sustainment,2021-02-16,58,delayed,175
CTR03662,SUP0049,4.15,Tech Services,2023-09-19,32,delayed,239
CTR03665,SUP0337,3.84,Production,2024-08-25,56,delayed,213
CTR03669,SUP0470,5.71,Production,2021-01-27,40,delayed,210
CTR03673,SUP0419,5.3,Production,2024-11-07,47,delayed,42
CTR03680,SUP0376,0.9,Tech Services,2022-12-01,21,delayed,101
CTR03689,SUP0040,12.98,R&D,2021-10-22,52,delayed,67
CTR03691,SUP0165,0.24,R&D,2023-10-09,12,delayed,238
CTR03694,SUP0342,9.44,Tech Services,2023-04-09,18,delayed,58
CTR03697,SUP0367,1.78,Production,2022-01-04,43,delayed,94
CTR03701,SUP0211,13.21,Sustainment,2022-06-20,34,delayed,197
CTR03703,SUP0339,0.51,Production,2023-05-13,20,delayed,152
CTR03706,SUP0087,8.34,R&D,2023-02-27,8,delayed,28
CTR03707,SUP0074,19.86,Sustainment,2020-12-05,42,delayed,117
CTR03713,SUP0230,4.61,Sustainment,2021-10-11,34,delayed,50
CTR03714,SUP0335,9.02,Sustainment,2024-02-26,7,delayed,48
CTR03717,SUP0369,1.26,R&D,2020-12-06,55,delayed,102
CTR03718,SUP0018,11.89,Production,2021-08-08,50,delayed,160
CTR03724,SUP0163,2.8,Production,2022-10-09,42,delayed,30
CTR03726,SUP0205,1.34,Production,2022-01-30,32,delayed,179
CTR03732,SUP0141,0.64,Sustainment,2021-05-31,24,delayed,55
CTR03733,SUP0333,0.22,R&D,2022-03-27,23,delayed,39
CTR03734,SUP0449,2.42,Production,2023-08-05,6,delayed,140
CTR03737,SUP0042,9.91,Tech Services,2020-12-29,12,delayed,22
CTR03738,SUP0062,7.21,Sustainment,2025-02-07,49,delayed,230
CTR03739,SUP0245,2.11,R&D,2020-05-18,47,delayed,226
CTR03741,SUP0010,0.0,Production,2021-08-04,36,delayed,126
CTR03743,SUP0071,3.35,Sustainment,2025-04-24,48,delayed,108
CTR03744,SUP0219,2.14,Production,2025-02-25,41,delayed,98
CTR03745,SUP0046,1.77,Tech Services,2021-11-13,24,delayed,160
CTR03747,SUP0306,1.88,Sustainment,2023-12-24,30,delayed,82
CTR03749,SUP0458,0.51,Sustainment,2021-06-22,14,delayed,190
CTR03757,SUP0187,0.62,Production,2023-10-26,55,delayed,212
CTR03758,SUP0393,3.94,R&D,2023-08-21,26,delayed,81
CTR03765,SUP0345,0.36,R&D,2025-03-28,14,delayed,160
CTR03767,SUP0307,1.03,Tech Services,2023-08-27,35,delayed,125
CTR03768,SUP0271,1.23,Sustainment,2021-05-26,27,delayed,32
CTR03769,SUP0314,2.64,Tech Services,2020-08-13,51,delayed,70
CTR03770,SUP0106,3.97,Sustainment,2025-01-04,16,delayed,165
CTR03772,SUP0086,0.56,Tech Services,2022-03-04,22,delayed,49
CTR03780,SUP0366,1.35,R&D,2024-10-01,16,delayed,148
CTR03781,SUP0203,2.22,Tech Services,2020-09-03,11,delayed,132
CTR03787,SUP0060,1.56,Production,2020-12-18,31,delayed,40
CTR03796,SUP0083,5.66,Tech Services,2024-10-22,46,delayed,227
CTR03802,SUP0319,0.57,Tech Services,2021-03-23,54,delayed,75
CTR03805,SUP0081,1.46,Sustainment,2021-09-10,6,delayed,102
CTR03809,SUP0138,2.93,R&D,2022-11-01,20,delayed,29
CTR03811,SUP0095,3.3,Sustainment,2021-07-28,31,delayed,105
CTR03815,SUP0132,0.73,Tech Services,2022-03-06,38,delayed,46
CTR03820,SUP0066,0.77,Tech Services,2021-08-10,28,delayed,154
CTR03826,SUP0262,0.86,R&D,2022-12-27,16,delayed,147
CTR03827,SUP0441,9.59,Sustainment,2024-09-09,36,delayed,78
CTR03832,SUP0339,7.04,R&D,2024-10-16,59,delayed,213
CTR03833,SUP0206,0.63,R&D,2023-12-10,7,delayed,100
CTR03835,SUP0301,0.05,R&D,2023-08-29,40,delayed,169
CTR03840,SUP0232,5.42,R&D,2022-11-01,27,delayed,221
CTR03861,SUP0158,2.57,Sustainment,2020-11-24,23,delayed,59
CTR03862,SUP0441,18.26,Production,2022-05-19,14,delayed,49
CTR03864,SUP0140,1.04,Sustainment,2022-01-23,26,delayed,40
CTR03865,SUP0024,0.42,R&D,2022-11-19,53,delayed,37
CTR03866,SUP0051,8.73,R&D,2020-11-08,54,delayed,155
CTR03869,SUP0162,8.16,Tech Services,2023-10-19,48,delayed,232
CTR03871,SUP0457,2.1,R&D,2020-11-06,39,delayed,145
CTR03879,SUP0070,4.95,Production,2023-10-24,58,delayed,43
CTR03883,SUP0191,4.11,Production,2021-04-15,21,delayed,208
CTR03886,SUP0383,9.21,R&D,2024-01-24,44,delayed,78
CTR03887,SUP0040,0.33,R&D,2023-08-23,31,delayed,170
CTR03894,SUP0345,1.87,Sustainment,2020-11-04,23,delayed,229
CTR03895,SUP0332,3.7,R&D,2020-05-23,35,delayed,178
CTR03898,SUP0294,15.64,R&D,2023-07-25,35,delayed,127
CTR03903,SUP0192,0.43,R&D,2020-05-26,52,delayed,148
CTR03913,SUP0367,2.01,Sustainment,2023-03-27,43,delayed,153
CTR03919,SUP0068,11.41,Production,2025-04-27,39,delayed,180
CTR03922,SUP0030,3.49,Sustainment,2022-11-22,19,delayed,132
CTR03929,SUP0084,4.6,R&D,2022-02-27,9,delayed,176
CTR03939,SUP0276,3.37,Production,2023-02-17,59,delayed,223
CTR03940,SUP0321,2.94,R&D,2023-02-02,31,delayed,81
CTR03942,SUP0389,3.51,Sustainment,2024-11-12,43,delayed,122
CTR03946,SUP0293,4.58,Tech Services,2020-08-15,35,delayed,188
CTR03950,SUP0412,1.84,R&D,2021-07-29,40,delayed,100
CTR03961,SUP0394,1.32,R&D,2023-11-10,21,delayed,43
CTR03962,SUP0280,0.89,R&D,2025-03-18,26,delayed,74
CTR03964,SUP0398,6.15,Production,2021-10-14,38,delayed,68
CTR03965,SUP0359,1.03,Production,2024-10-04,11,delayed,107
CTR03968,SUP0031,4.21,R&D,2022-11-04,49,delayed,83
CTR03969,SUP0224,1.4,Tech Services,2020-12-31,8,delayed,216
CTR03987,SUP0053,0.39,Production,2025-02-10,48,delayed,216
CTR03990,SUP0060,0.22,Production,2024-03-03,40,delayed,131
CTR03992,SUP0082,4.39,R&D,2024-03-17,26,delayed,23
CTR03994,SUP0026,0.47,R&D,2021-05-29,26,delayed,140
CTR03996,SUP0155,3.6,Tech Services,2024-05-04,37,delayed,227
CTR04000,SUP0242,3.1,Production,2021-07-05,58,delayed,91
CTR04002,SUP0115,3.45,Tech Services,2020-06-16,26,delayed,24
CTR04007,SUP0158,1.39,Sustainment,2025-03-15,15,delayed,116
CTR04010,SUP0442,5.47,Production,2021-09-09,29,delayed,217
CTR04013,SUP0312,3.16,R&D,2020-08-05,37,delayed,210
CTR04017,SUP0374,0.68,Sustainment,2023-12-04,56,delayed,72
CTR04022,SUP0120,0.05,Production,2024-11-17,23,delayed,237
CTR04031,SUP0147,2.85,Tech Services,2023-08-01,44,delayed,127
CTR04034,SUP0494,5.77,R&D,2022-01-01,50,delayed,194
CTR04044,SUP0360,0.52,R&D,2024-08-08,31,delayed,176
CTR04045,SUP0452,0.0,Production,2021-09-27,28,delayed,120
CTR04051,SUP0453,8.5,Production,2022-12-02,44,delayed,49
CTR04054,SUP0292,3.99,Tech Services,2022-11-05,41,delayed,117
CTR04063,SUP0438,0.58,Tech Services,2020-08-23,44,delayed,117
CTR04064,SUP0066,1.39,R&D,2021-01-24,55,delayed,175
CTR04067,SUP0285,11.75,R&D,2021-06-03,9,delayed,214
CTR04072,SUP0374,0.56,Tech Services,2025-05-01,19,delayed,174
CTR04075,SUP0112,3.54,Production,2021-06-20,39,delayed,197
CTR04076,SUP0257,1.78,Tech Services,2022-03-09,27,delayed,111
CTR04080,SUP0208,5.85,R&D,2020-07-25,31,delayed,150
CTR04082,SUP0303,5.55,Sustainment,2024-05-15,41,delayed,188
CTR04088,SUP0282,0.09,Sustainment,2020-05-31,39,delayed,156
CTR04090,SUP0128,8.17,Tech Services,2025-04-13,35,delayed,150
CTR04096,SUP0372,2.76,Production,2021-11-23,46,delayed,120
CTR04099,SUP0236,5.38,Tech Services,2021-09-14,27,delayed,85
CTR04100,SUP0273,1.12,Tech Services,2022-07-05,23,delayed,91
CTR04102,SUP0488,0.36,R&D,2023-03-23,28,delayed,68
CTR04108,SUP0376,0.98,Tech Services,2022-10-31,35,delayed,35
CTR04111,SUP0486,0.68,R&D,2022-09-11,51,delayed,125
CTR04112,SUP0237,0.02,Sustainment,2020-09-07,18,delayed,238
CTR04121,SUP0162,5.69,R&D,2020-10-01,19,delayed,89
CTR04123,SUP0114,3.19,R&D,2025-05-08,14,delayed,28
CTR04133,SUP0459,0.76,Sustainment,2023-03-18,12,delayed,217
CTR04135,SUP0051,3.95,R&D,2024-01-16,39,delayed,16
CTR04136,SUP0108,3.54,Tech Services,2022-11-26,19,delayed,203
CTR04140,SUP0316,2.27,R&D,2024-12-25,24,delayed,122
CTR04143,SUP0376,9.43,Production,2024-10-24,31,delayed,159
CTR04145,SUP0293,1.8,Production,2024-01-08,59,delayed,92
CTR04146,SUP0203,2.21,R&D,2021-08-17,33,delayed,231
CTR04153,SUP0011,1.28,R&D,2024-07-03,56,delayed,62
CTR04162,SUP0376,0.5,Sustainment,2023-05-06,47,delayed,105
CTR04163,SUP0145,13.29,R&D,2022-12-18,17,delayed,150
CTR04165,SUP0381,18.89,Production,2020-07-25,18,delayed,198
CTR04166,SUP0407,8.49,R&D,2022-02-19,31,delayed,31
CTR04181,SUP0003,7.12,R&D,2023-04-10,45,delayed,211
CTR04182,SUP0340,2.64,Tech Services,2024-11-15,28,delayed,26
CTR04186,SUP0063,7.89,Tech Services,2022-02-13,59,delayed,180
CTR04190,SUP0441,1.13,Tech Services,2023-04-25,14,delayed,160
CTR04193,SUP0134,3.78,Tech Services,2023-08-29,46,delayed,40
CTR04197,SUP0261,1.05,Tech Services,2020-08-25,30,delayed,237
CTR04201,SUP0468,2.28,R&D,2022-12-12,14,delayed,51
CTR04203,SUP0113,0.39,Sustainment,2021-12-18,44,delayed,84
CTR04210,SUP0131,7.31,R&D,2020-10-30,33,delayed,183
CTR04216,SUP0186,0.27,Sustainment,2021-08-05,11,delayed,93
CTR04218,SUP0038,4.34,R&D,2024-06-24,43,delayed,184
CTR04229,SUP0411,4.7,Production,2022-08-08,35,delayed,104
CTR04237,SUP0236,0.13,R&D,2021-10-15,57,delayed,218
CTR04243,SUP0191,7.62,Tech Services,2024-04-21,46,delayed,55
CTR04245,SUP0371,6.96,R&D,2021-04-07,23,delayed,189
CTR04246,SUP0417,1.09,Production,2024-02-18,42,delayed,156
CTR04247,SUP0383,2.68,Tech Services,2023-08-11,43,delayed,143
CTR04255,SUP0162,16.85,Production,2021-12-19,6,delayed,31
CTR04268,SUP0084,2.7,Tech Services,2024-03-20,32,delayed,239
CTR04269,SUP0185,6.41,Tech Services,2022-04-30,44,delayed,197
CTR04270,SUP0466,1.45,R&D,2020-06-02,41,delayed,235
CTR04271,SUP0085,4.32,R&D,2024-12-23,17,delayed,67
CTR04272,SUP0339,17.78,Sustainment,2024-12-07,32,delayed,132
CTR04274,SUP0370,3.92,R&D,2024-01-20,39,delayed,123
CTR04276,SUP0257,8.66,Production,2020-10-11,33,delayed,173
CTR04278,SUP0293,1.17,Sustainment,2021-02-12,37,delayed,204
CTR04281,SUP0398,5.01,R&D,2020-12-04,45,delayed,150
CTR04284,SUP0016,0.44,Production,2022-04-05,36,delayed,172
CTR04287,SUP0329,4.69,R&D,2023-01-18,50,delayed,91
CTR04289,SUP0056,2.03,Tech Services,2024-07-02,14,delayed,94
CTR04299,SUP0231,2.45,R&D,2025-01-20,19,delayed,208
CTR04304,SUP0242,3.14,Production,2025-01-28,26,delayed,59
CTR04306,SUP0492,0.76,Tech Services,2024-08-14,48,delayed,32
CTR04308,SUP0393,6.2,Production,2022-03-06,51,delayed,113
CTR04311,SUP0359,3.81,R&D,2022-12-03,11,delayed,187
CTR04315,SUP0221,0.87,Sustainment,2021-10-03,49,delayed,161
CTR04318,SUP0079,0.82,Sustainment,2021-01-19,14,delayed,219
CTR04319,SUP0204,1.06,Sustainment,2025-04-27,7,delayed,82
CTR04327,SUP0273,6.18,Sustainment,2023-03-08,58,delayed,97
CTR04331,SUP0003,2.28,R&D,2021-02-13,44,delayed,64
CTR04332,SUP0262,5.11,Tech Services,2021-02-06,35,delayed,39
CTR04337,SUP0197,4.79,Production,2024-04-12,40,delayed,180
CTR04342,SUP0186,2.89,Sustainment,2023-05-25,33,delayed,135
CTR04348,SUP0149,2.81,Sustainment,2023-07-21,13,delayed,237
CTR04355,SUP0387,3.09,Tech Services,2024-04-21,55,delayed,178
CTR04356,SUP0440,2.61,R&D,2024-01-20,20,delayed,82
CTR04362,SUP0424,1.66,Sustainment,2024-12-01,59,delayed,70
CTR04365,SUP0256,0.78,Tech Services,2020-07-12,53,delayed,53
CTR04372,SUP0416,0.32,Production,2020-06-26,42,delayed,77
CTR04373,SUP0072,0.79,Sustainment,2021-10-24,48,delayed,142
CTR04375,SUP0234,0.81,Sustainment,2025-03-24,57,delayed,149
CTR04384,SUP0124,2.96,Production,2020-08-14,19,delayed,136
CTR04385,SUP0277,3.05,Tech Services,2020-12-28,44,delayed,200
CTR04386,SUP0009,4.39,Sustainment,2021-01-12,31,delayed,222
CTR04405,SUP0006,0.85,R&D,2020-11-06,7,delayed,73
CTR04409,SUP0360,4.12,Tech Services,2021-04-26,59,delayed,62
CTR04411,SUP0062,3.43,Sustainment,2021-05-30,36,delayed,147
CTR04412,SUP0085,6.19,R&D,2021-12-11,46,delayed,229
CTR04416,SUP0437,1.24,Tech Services,2021-12-01,6,delayed,50
CTR04424,SUP0124,3.22,Production,2020-07-21,23,delayed,238
CTR04427,SUP0267,0.15,Production,2020-10-11,17,delayed,102
CTR04428,SUP0323,4.78,R&D,2020-11-23,24,delayed,39
CTR04431,SUP0385,0.23,Sustainment,2021-12-08,10,delayed,187
CTR04436,SUP0433,2.29,Tech Services,2024-03-01,12,delayed,234
CTR04438,SUP0130,0.87,Tech Services,2022-09-22,52,delayed,33
CTR04440,SUP0422,3.18,Tech Services,2023-08-29,57,delayed,149
CTR04441,SUP0295,2.32,Production,2024-02-06,20,delayed,200
CTR04442,SUP0250,0.1,Sustainment,2023-10-27,47,delayed,223
CTR04446,SUP0349,1.76,Production,2021-08-04,51,delayed,80
CTR04447,SUP0091,3.32,R&D,2022-12-03,31,delayed,94
CTR04452,SUP0231,3.37,R&D,2020-07-16,7,delayed,181
CTR04462,SUP0456,0.52,Sustainment,2025-01-08,27,delayed,139
CTR04465,SUP0060,9.77,R&D,2021-10-31,53,delayed,160
CTR04468,SUP0230,6.77,Production,2023-12-15,29,delayed,117
CTR04481,SUP0455,3.07,Sustainment,2021-12-29,45,delayed,143
CTR04485,SUP0382,1.54,R&D,2023-07-06,46,delayed,205
CTR04489,SUP0203,4.71,Tech Services,2022-03-24,27,delayed,145
CTR04498,SUP0171,9.24,Production,2023-02-27,23,delayed,141
CTR04509,SUP0449,5.84,Sustainment,2025-02-20,58,delayed,35
CTR04513,SUP0131,4.3,Sustainment,2024-05-22,33,delayed,140
CTR04521,SUP0178,1.39,R&D,2021-04-01,6,delayed,138
CTR04522,SUP0458,2.34,Tech Services,2022-09-08,22,delayed,172
CTR04529,SUP0480,5.87,Sustainment,2024-08-04,39,delayed,25
CTR04530,SUP0360,1.04,Production,2024-07-31,40,delayed,36
CTR04534,SUP0015,6.78,R&D,2024-05-15,55,delayed,125
CTR04536,SUP0077,5.72,Sustainment,2024-01-01,44,delayed,139
CTR04537,SUP0150,0.52,Sustainment,2021-01-08,32,delayed,71
CTR04542,SUP0103,4.51,Production,2021-02-13,30,delayed,103
CTR04544,SUP0462,6.94,Sustainment,2021-05-18,19,delayed,145
CTR04548,SUP0020,0.18,Tech Services,2022-06-26,41,delayed,172
CTR04553,SUP0446,1.44,Tech Services,2022-07-18,23,delayed,230
CTR04554,SUP0334,0.69,Sustainment,2025-04-20,19,delayed,142
CTR04559,SUP0137,4.85,Tech Services,2021-09-24,15,delayed,59
CTR04561,SUP0329,6.54,R&D,2023-02-26,39,delayed,50
CTR04562,SUP0448,0.42,Production,2022-11-24,33,delayed,101
CTR04563,SUP0433,1.03,R&D,2024-07-17,32,delayed,132
CTR04564,SUP0491,6.16,Sustainment,2020-07-10,45,delayed,86
CTR04576,SUP0140,0.37,Production,2020-10-19,30,delayed,206
CTR04578,SUP0343,3.36,Sustainment,2025-01-10,18,delayed,196
CTR04580,SUP0370,1.49,Sustainment,2022-01-26,16,delayed,82
CTR04581,SUP0252,3.71,Tech Services,2021-10-04,57,delayed,192
CTR04582,SUP0453,1.51,Production,2021-08-23,56,delayed,117
CTR04591,SUP0376,1.17,R&D,2024-01-15,13,delayed,173
CTR04606,SUP0199,1.34,Sustainment,2024-05-03,34,delayed,43
CTR04607,SUP0123,0.87,Production,2020-06-15,21,delayed,201
CTR04612,SUP0457,4.76,Tech Services,2021-01-16,58,delayed,178
CTR04614,SUP0479,6.9,Tech Services,2025-02-02,24,delayed,219
CTR04616,SUP0167,0.04,Tech Services,2023-11-10,26,delayed,119
CTR04624,SUP0335,2.7,R&D,2023-09-06,50,delayed,87
CTR04625,SUP0069,0.75,Sustainment,2021-08-20,54,delayed,133
CTR04639,SUP0378,10.1,Production,2025-03-06,36,delayed,99
CTR04647,SUP0492,1.46,Tech Services,2021-10-31,21,delayed,209
CTR04662,SUP0332,0.72,Tech Services,2022-03-30,47,delayed,103
CTR04665,SUP0210,5.87,Sustainment,2020-06-28,25,delayed,103
CTR04674,SUP0377,0.94,Sustainment,2020-10-20,6,delayed,90
CTR04681,SUP0307,0.17,R&D,2025-04-16,10,delayed,235
CTR04683,SUP0401,1.82,Tech Services,2022-10-02,27,delayed,153
CTR04684,SUP0073,0.96,R&D,2024-01-21,31,delayed,130
CTR04686,SUP0217,3.58,Tech Services,2024-08-08,11,delayed,153
CTR04691,SUP0400,1.12,Production,2020-06-04,52,delayed,168
CTR04693,SUP0235,2.35,Sustainment,2024-11-22,39,delayed,67
CTR04694,SUP0175,0.5,R&D,2022-09-14,36,delayed,156
CTR04711,SUP0019,1.16,Tech Services,2023-05-07,16,delayed,78
CTR04721,SUP0322,6.8,R&D,2024-10-29,9,delayed,222
CTR04723,SUP0223,1.56,Tech Services,2022-12-01,56,delayed,152
CTR04734,SUP0107,1.95,R&D,2022-10-31,46,delayed,45
CTR04735,SUP0194,0.41,Tech Services,2023-08-03,43,delayed,237
CTR04739,SUP0252,0.87,R&D,2024-11-25,26,delayed,50
CTR04740,SUP0114,0.6,Sustainment,2021-02-04,20,delayed,24
CTR04745,SUP0092,2.45,Production,2023-12-05,51,delayed,40
CTR04748,SUP0432,3.34,Sustainment,2020-08-23,14,delayed,34
CTR04751,SUP0010,4.4,R&D,2022-01-17,19,delayed,139
CTR04770,SUP0065,5.08,Tech Services,2021-04-10,55,delayed,58
CTR04775,SUP0428,1.87,Sustainment,2024-09-13,36,delayed,76
CTR04781,SUP0121,3.29,Sustainment,2023-07-19,45,delayed,215
CTR04784,SUP0283,15.12,Sustainment,2021-05-08,16,delayed,93
CTR04788,SUP0380,5.38,R&D,2021-02-05,37,delayed,23
CTR04798,SUP0105,1.37,Sustainment,2020-11-25,15,delayed,85
CTR04801,SUP0460,4.32,Tech Services,2021-12-05,56,delayed,104
CTR04807,SUP0358,1.55,Tech Services,2020-12-21,55,delayed,38
CTR04812,SUP0243,2.24,R&D,2021-10-18,17,delayed,154
CTR04813,SUP0254,4.37,Sustainment,2025-04-01,39,delayed,74
CTR04814,SUP0353,1.75,Tech Services,2025-01-19,15,delayed,98
CTR04821,SUP0145,2.96,R&D,2025-03-11,40,delayed,134
CTR04827,SUP0453,4.08,Sustainment,2025-03-30,23,delayed,92
CTR04831,SUP0015,10.92,R&D,2023-02-17,43,delayed,228
CTR04832,SUP0096,0.95,R&D,2021-07-11,21,delayed,30
CTR04833,SUP0200,7.5,Production,2021-05-02,25,delayed,43
CTR04837,SUP0423,0.21,Sustainment,2021-03-14,56,delayed,174
CTR04843,SUP0465,0.33,R&D,2020-06-28,50,delayed,225
CTR04845,SUP0261,0.5,R&D,2022-01-18,39,delayed,133
CTR04848,SUP0193,0.05,R&D,2020-05-22,59,delayed,49
CTR04864,SUP0011,2.52,Production,2021-12-14,28,delayed,57
CTR04865,SUP0135,6.52,Sustainment,2024-09-04,57,delayed,110
CTR04869,SUP0277,7.21,Production,2024-07-26,9,delayed,133
CTR04871,SUP0158,2.09,Tech Services,2022-06-14,46,delayed,67
CTR04876,SUP0069,1.07,Production,2023-06-02,42,delayed,34
CTR04878,SUP0294,4.43,Tech Services,2024-04-24,16,delayed,129
CTR04879,SUP0036,0.47,R&D,2021-07-14,18,delayed,226
CTR04887,SUP0121,0.61,R&D,2020-12-25,23,delayed,22
CTR04894,SUP0076,0.52,Sustainment,2021-12-21,21,delayed,136
CTR04903,SUP0404,2.59,Sustainment,2021-11-10,25,delayed,56
CTR04911,SUP0092,0.03,R&D,2022-10-11,40,delayed,91
CTR04915,SUP0485,1.76,Sustainment,2020-05-28,8,delayed,84
CTR04922,SUP0226,0.44,Sustainment,2022-01-03,26,delayed,125
CTR04926,SUP0357,1.03,Tech Services,2025-05-01,47,delayed,30
CTR04932,SUP0122,4.49,R&D,2020-07-30,51,delayed,83
CTR04935,SUP0500,0.53,R&D,2021-12-15,28,delayed,67
CTR04936,SUP0093,7.04,Sustainment,2023-08-12,55,delayed,187
CTR04939,SUP0198,2.06,Production,2025-02-07,7,delayed,193
CTR04941,SUP0218,4.41,Tech Services,2025-01-03,16,delayed,20
CTR04943,SUP0090,1.09,Production,2021-10-09,40,delayed,137
CTR04944,SUP0323,1.98,Production,2023-06-02,20,delayed,47
CTR04951,SUP0237,3.53,Tech Services,2021-10-17,30,delayed,221
CTR04952,SUP0383,17.34,Sustainment,2025-02-20,25,delayed,29
CTR04955,SUP0417,0.68,Tech Services,2024-12-21,16,delayed,28
CTR04956,SUP0473,7.04,R&D,2020-11-22,24,delayed,181
CTR04959,SUP0412,6.94,Production,2020-11-07,10,delayed,77
CTR04972,SUP0499,0.01,Production,2024-09-01,16,delayed,19
CTR04974,SUP0058,2.56,Sustainment,2025-03-07,37,delayed,135
CTR04977,SUP0344,2.77,R&D,2024-12-30,43,delayed,104
CTR04989,SUP0194,1.24,Production,2020-09-23,51,delayed,223
CTR04992,SUP0222,1.27,Production,2021-01-20,33,delayed,121
CTR04994,SUP0337,1.26,Tech Services,2023-02-07,41,delayed,194
CTR04998,SUP0270,0.14,Sustainment,2020-07-18,17,delayed,30
